time,open,high,low,close,volume
2019-09-17,11.75,12.18,11.75,12.1,2224310
2019-09-18,12.13,12.15,11.93,12.05,824060
2019-09-19,11.9,12.45,11.88,12.3,2118430
2019-09-20,12.3,12.48,11.98,12.08,3002740
2019-09-23,12.03,12.3,11.95,12.1,1509080
2019-09-24,12.03,12.2,11.95,12.15,1542260
2019-09-25,12.03,12.05,11.95,12.0,760430
2019-09-26,12.0,12.23,11.85,12.23,1804060
2019-09-27,12.23,12.25,12.1,12.2,729930
2019-09-30,12.15,12.15,12.03,12.13,538300
2019-10-01,12.05,12.18,11.8,11.95,2171100
2019-10-02,11.9,12.25,11.9,12.18,2000770
2019-10-03,12.08,12.18,11.98,12.1,1070030
2019-10-04,12.0,12.0,11.77,12.0,1331680
2019-10-07,12.0,12.03,11.83,11.85,1100380
2019-10-08,11.88,12.05,11.8,11.98,1240560
2019-10-09,11.93,12.08,11.9,11.93,1136830
2019-10-10,11.93,12.2,11.9,12.13,3798900
2019-10-11,12.05,12.2,12.03,12.18,1848870
2019-10-14,12.2,12.38,12.18,12.33,1501860
2019-10-15,12.3,12.43,12.15,12.18,775350
2019-10-16,12.2,12.3,12.15,12.2,1181300
2019-10-17,12.2,12.43,12.05,12.38,1775370
2019-10-18,12.38,12.43,12.18,12.25,709880
2019-10-21,12.25,12.33,11.8,11.93,646400
2019-10-22,12.0,12.0,11.45,11.45,2339440
2019-10-23,11.47,11.62,11.45,11.55,568080
2019-10-24,11.57,11.65,11.5,11.5,560030
2019-10-25,11.5,11.5,11.02,11.05,937770
2019-10-28,11.07,11.12,11.0,11.07,492050
2019-10-29,11.05,11.2,11.02,11.12,1214160
2019-10-30,11.2,11.65,11.2,11.52,2290950
2019-10-31,11.5,11.6,11.4,11.4,366570
2019-11-01,11.47,11.7,11.42,11.7,977920
2019-11-04,11.72,11.75,11.6,11.72,1202730
2019-11-05,11.75,11.8,11.72,11.8,680920
2019-11-06,11.85,12.0,11.83,11.93,1023780
2019-11-07,11.85,12.05,11.85,11.93,1347210
2019-11-08,11.93,12.0,11.77,11.8,1011900
2019-11-11,11.83,11.88,11.8,11.88,1101940
2019-11-12,11.9,12.38,11.83,12.23,1859420
2019-11-13,12.3,12.6,12.3,12.55,546700
2019-11-14,12.53,13.03,12.53,12.85,1209130
2019-11-15,12.88,13.18,12.88,13.13,1123180
2019-11-18,13.26,13.41,13.23,13.28,1291830
2019-11-19,13.28,13.38,12.9,12.9,1381490
2019-11-20,12.85,13.23,12.68,13.18,2559950
2019-11-21,13.23,13.23,12.85,12.85,2283600
2019-11-22,13.11,13.75,13.08,13.75,4778290
2019-11-25,13.85,14.13,13.77,14.13,2685400
2019-11-26,14.16,14.57,13.54,14.26,2669330
2019-11-27,13.9,14.06,13.77,14.06,1620530
2019-11-28,14.06,14.52,14.03,14.49,2410120
2019-11-29,14.46,14.77,14.46,14.64,1697190
2019-12-02,14.69,14.72,14.26,14.31,1863640
2019-12-03,14.26,14.8,14.11,14.77,3145480
2019-12-04,14.82,14.95,14.8,14.82,1442730
2019-12-05,14.82,14.9,14.31,14.34,1541520
2019-12-06,14.29,14.49,14.21,14.39,1152740
2019-12-09,14.39,14.41,14.06,14.08,1186330
2019-12-10,14.0,14.18,13.72,14.06,1656920
2019-12-11,14.11,14.87,14.11,14.87,2387420
2019-12-12,14.92,15.54,14.92,15.44,2151810
2019-12-13,15.49,15.51,15.1,15.13,1315080
2019-12-16,15.13,15.13,14.67,14.92,1575360
2019-12-17,14.82,15.21,14.8,15.03,2656610
2019-12-18,14.98,15.15,14.92,15.08,1481850
2019-12-19,15.03,15.18,14.26,14.34,1125300
2019-12-20,14.31,14.44,14.29,14.36,1378990
2019-12-23,14.52,15.36,14.52,15.36,2471380
2019-12-24,15.23,15.67,15.18,15.38,1920930
2019-12-25,15.33,15.59,15.33,15.54,1280670
2019-12-26,15.54,16.05,15.51,15.95,1667560
2019-12-27,15.84,16.25,15.82,16.2,1752530
2019-12-30,16.1,16.48,16.1,16.41,1431110
2019-12-31,16.41,16.76,16.41,16.69,1223330
2020-01-02,16.64,17.02,16.64,17.02,1542690
2020-01-03,17.02,17.38,17.02,17.22,1290400
2020-01-06,17.22,17.33,17.12,17.17,729770
2020-01-07,17.22,17.56,17.2,17.43,1188090
2020-01-08,17.45,17.53,17.4,17.48,783960
2020-01-09,17.48,17.66,17.48,17.56,1291880
2020-01-10,17.56,17.71,17.56,17.71,1032370
2020-01-13,17.71,17.84,17.71,17.84,1121720
2020-01-14,17.84,18.73,17.84,18.71,779660
2020-01-15,18.71,20.01,18.71,19.93,534410
2020-01-16,19.93,20.34,19.91,19.91,655480
2020-01-17,19.93,20.24,19.88,20.24,1110320
2020-01-20,20.24,20.32,20.24,20.29,809700
2020-01-21,20.29,20.44,20.29,20.44,751430
2020-01-22,20.44,20.73,20.44,20.73,1759120
2020-01-30,20.7,20.78,20.7,20.78,767580
2020-01-31,20.78,20.98,20.75,20.98,865140
2020-02-03,20.98,21.01,20.65,20.9,549950
2020-02-04,20.93,21.08,20.93,21.06,613880
2020-02-05,21.06,21.34,21.06,21.34,729910
2020-02-06,21.34,21.72,21.34,21.72,701640
2020-02-07,21.72,22.0,21.72,22.0,844690
2020-02-10,22.03,22.51,22.0,22.51,660200
2020-02-11,22.54,22.92,22.51,22.9,673810
2020-02-12,22.9,23.08,22.9,23.05,660560
2020-02-13,23.08,23.2,23.05,23.2,626960
2020-02-14,23.2,23.28,22.44,22.62,1183840
2020-02-17,22.59,22.72,22.54,22.72,622810
2020-02-18,22.72,22.82,22.54,22.69,288440
2020-02-19,22.69,22.77,22.62,22.69,614030
2020-02-20,22.69,22.77,22.62,22.74,494490
2020-02-21,22.49,22.92,22.46,22.82,538180
2020-02-24,22.0,22.03,21.24,21.24,1132380
2020-02-25,19.96,20.16,19.75,19.81,1060480
2020-02-26,18.66,19.78,18.58,18.68,1742640
2020-02-27,17.89,17.91,17.45,17.45,1214400
2020-02-28,17.45,17.48,16.25,16.25,1035070
2020-03-02,15.92,17.33,15.92,17.33,5053330
2020-03-03,17.28,17.76,17.02,17.61,4446520
2020-03-04,17.63,17.66,17.07,17.12,1344340
2020-03-05,16.2,16.82,15.95,16.82,2239250
2020-03-06,16.1,16.15,15.67,15.97,1644630
2020-03-09,14.87,14.92,14.87,14.87,822930
2020-03-10,13.85,13.9,13.85,13.85,1272070
2020-03-11,13.29,13.44,12.91,12.91,1738790
2020-03-12,12.01,12.19,12.01,12.01,977450
2020-03-13,11.19,11.19,11.19,11.19,714270
2020-03-16,10.48,11.96,10.48,11.96,6621930
2020-03-17,11.22,12.78,11.22,12.37,750840
2020-03-18,12.52,12.52,11.53,12.37,691300
2020-03-19,11.53,11.53,11.53,11.53,212900
2020-03-20,10.73,10.94,10.73,10.73,1962400
2020-03-23,9.99,10.12,9.99,9.99,339810
2020-03-24,9.3,9.3,9.3,9.3,126240
2020-03-25,8.89,9.66,8.66,9.33,2265810
2020-03-26,9.05,9.38,8.69,8.77,540620
2020-03-27,8.77,9.23,8.77,9.0,1087580
2020-03-30,8.69,8.71,8.38,8.56,260930
2020-03-31,8.51,8.71,8.31,8.43,535790
2020-04-01,8.38,8.56,8.31,8.51,333350
2020-04-03,8.51,8.61,8.46,8.61,151630
2020-04-06,8.64,9.2,8.64,9.2,1484610
2020-04-07,9.84,9.84,9.84,9.84,589390
2020-04-08,10.5,10.5,9.63,10.5,4525680
2020-04-09,10.91,10.91,10.48,10.58,632030
2020-04-10,10.07,10.58,9.97,10.22,416590
2020-04-13,9.86,10.15,9.53,10.07,388490
2020-04-14,9.84,9.99,9.66,9.74,310550
2020-04-15,9.76,10.4,9.76,9.97,544080
2020-04-16,10.04,10.32,9.97,10.12,361730
2020-04-17,10.17,10.81,10.09,10.81,1349840
2020-04-20,11.24,11.55,11.07,11.24,782020
2020-04-21,10.73,10.94,10.48,10.48,559210
2020-04-22,9.89,10.38,9.81,10.38,512160
2020-04-23,10.68,10.71,10.25,10.58,1132730
2020-04-24,10.48,10.58,10.17,10.35,486170
2020-04-27,10.45,10.91,10.45,10.73,1380210
2020-04-28,10.73,10.91,10.3,10.53,799320
2020-04-29,10.55,10.94,10.53,10.84,1165090
2020-05-04,10.63,10.86,10.4,10.73,817150
2020-05-05,10.27,11.4,10.27,11.22,2055150
2020-05-06,11.19,11.5,11.09,11.32,1119940
2020-05-07,11.35,11.35,11.14,11.22,437810
2020-05-08,11.22,11.47,11.09,11.27,1399890
2020-05-11,11.14,11.91,11.14,11.91,1762180
2020-05-12,11.96,12.04,11.65,11.93,816530
2020-05-13,11.76,11.81,11.24,11.76,706410
2020-05-14,11.55,11.88,11.35,11.73,1463400
2020-05-15,11.81,12.01,11.58,11.76,2601150
2020-05-18,11.55,11.91,11.5,11.76,1742090
2020-05-19,11.78,11.96,11.63,11.63,2348930
2020-05-20,11.5,11.58,11.4,11.4,396480
2020-05-21,11.42,11.5,11.27,11.35,409030
2020-05-22,11.4,11.68,11.04,11.63,3062460
2020-05-25,11.76,12.32,11.7,11.91,2983070
2020-05-26,11.96,12.09,11.58,12.01,3532230
2020-05-27,12.01,12.04,11.24,11.24,1309960
2020-05-28,11.4,11.4,10.73,10.73,2232320
2020-05-29,10.48,10.89,10.32,10.84,1420330
2020-06-01,10.89,11.07,10.84,10.91,1314330
2020-06-02,10.94,11.19,10.78,11.09,1777710
2020-06-03,11.12,11.19,10.91,11.09,1225130
2020-06-04,11.12,11.42,11.04,11.3,1823700
2020-06-05,11.35,11.42,11.22,11.42,1188990
2020-06-08,11.5,11.93,11.5,11.81,3087950
2020-06-09,11.76,11.81,11.4,11.58,1873080
2020-06-10,11.4,12.06,11.32,11.88,4513940
2020-06-11,11.93,12.04,11.07,11.07,2076530
2020-06-12,10.3,11.55,10.3,11.55,4408330
2020-06-15,11.24,11.76,10.76,11.01,3419050
2020-06-16,11.07,11.22,10.71,11.04,1735680
2020-06-17,10.58,10.89,10.58,10.73,1409400
2020-06-18,10.63,10.94,10.35,10.76,1713490
2020-06-19,10.78,10.89,10.63,10.81,1640490
2020-06-22,10.96,11.01,10.68,10.96,887840
2020-06-23,10.89,11.68,10.71,11.5,8649860
2020-06-24,11.27,11.63,11.22,11.47,6323650
2020-06-25,11.01,11.35,10.99,11.35,2276640
2020-06-26,11.09,11.35,10.68,11.09,3146660
2020-06-29,10.73,11.7,10.32,11.7,5063080
2020-06-30,11.09,11.24,10.89,10.89,1546040
2020-07-01,10.32,10.89,10.32,10.48,1815810
2020-07-02,10.55,10.68,10.48,10.5,836510
2020-07-03,10.53,10.94,10.53,10.76,1162640
2020-07-06,10.76,10.84,10.66,10.76,1034150
2020-07-07,10.78,10.86,10.61,10.68,2005510
2020-07-08,10.68,10.68,10.55,10.61,1054820
2020-07-09,10.76,10.97,10.68,10.92,3503900
2020-07-10,10.95,11.18,10.82,11.13,3722560
2020-07-13,11.21,11.58,11.21,11.45,4143310
2020-07-14,11.47,11.47,11.13,11.21,1783480
2020-07-15,11.26,11.52,10.97,11.39,4399680
2020-07-16,11.45,11.66,11.26,11.58,7149050
2020-07-17,11.52,11.63,11.39,11.58,6244180
2020-07-20,11.52,11.52,11.29,11.29,1082330
2020-07-21,11.58,11.97,11.39,11.79,13123330
2020-07-22,11.63,11.92,11.55,11.66,5485880
2020-07-23,11.66,11.68,11.45,11.52,1820260
2020-07-24,11.26,11.31,10.74,10.84,8373070
2020-07-27,10.13,10.32,10.11,10.11,1601960
2020-07-28,9.69,10.5,9.45,10.5,6305520
2020-07-29,10.0,10.08,9.77,9.98,5571400
2020-07-30,10.0,10.11,9.9,10.0,1522620
2020-07-31,9.92,10.68,9.32,10.34,9952340
2020-08-03,10.24,10.53,10.19,10.42,1722270
2020-08-04,10.5,10.66,10.45,10.5,1935400
2020-08-05,10.45,10.63,10.26,10.53,2922930
2020-08-06,10.53,10.58,10.4,10.55,1293750
2020-08-07,10.58,10.74,10.5,10.68,2701620
2020-08-10,10.71,10.95,10.66,10.82,3049920
2020-08-11,10.87,10.87,10.66,10.76,1338440
2020-08-12,10.79,10.92,10.55,10.76,4365390
2020-08-13,10.79,10.87,10.68,10.79,2574480
2020-08-14,10.76,10.79,10.5,10.71,3644340
2020-08-17,10.63,10.66,10.34,10.5,1871920
2020-08-18,10.5,10.58,10.45,10.47,1173650
2020-08-19,10.5,10.63,10.37,10.63,3694390
2020-08-20,10.63,10.63,10.4,10.5,1271000
2020-08-21,10.53,10.66,10.4,10.61,4938640
2020-08-24,10.63,10.79,10.63,10.71,2746730
2020-08-25,10.74,11.08,10.5,11.03,14623570
2020-08-26,10.95,11.37,10.82,11.18,8713210
2020-08-27,11.05,11.34,11.03,11.24,9663670
2020-08-28,11.21,11.26,11.03,11.21,6630540
2020-08-31,11.18,11.18,10.87,10.92,3153790
2020-09-01,10.76,10.95,10.74,10.95,2694450
2020-09-03,11.05,11.13,10.95,11.0,4330970
2020-09-04,10.71,11.24,10.71,11.24,5073270
2020-09-07,11.05,11.08,10.87,10.97,2811510
2020-09-08,10.97,10.97,10.76,10.95,4852250
2020-09-09,10.74,10.87,10.74,10.87,2484550
2020-09-10,10.87,11.1,10.87,11.05,4471930
2020-09-11,11.08,11.18,11.0,11.05,4102210
2020-09-14,11.1,11.1,10.92,10.92,1029310
2020-09-15,10.97,11.0,10.84,10.84,1224410
2020-09-16,10.87,10.89,10.79,10.79,1253180
2020-09-17,10.82,10.87,10.76,10.76,1780490
2020-09-18,10.79,10.89,10.74,10.89,4061250
2020-09-21,10.95,11.0,10.82,10.95,3414820
2020-09-22,10.84,11.08,10.74,11.05,9041600
2020-09-23,11.05,11.05,10.87,10.97,2853510
2020-09-24,10.84,10.92,10.79,10.84,2869380
2020-09-25,10.82,10.87,10.68,10.87,3255030
2020-09-28,10.89,11.05,10.76,11.0,6870830
2020-09-29,11.47,11.55,11.13,11.29,13046320
2020-09-30,11.08,11.45,10.95,11.31,15024070
2020-10-01,11.08,11.34,10.87,11.26,9975400
2020-10-02,11.05,11.34,10.71,11.34,21924910
2020-10-05,11.29,11.31,11.08,11.08,2803010
2020-10-06,11.16,11.34,11.08,11.31,12978280
2020-10-07,11.13,11.29,11.1,11.13,19829730
2020-10-08,11.18,11.18,10.84,10.97,11863940
2020-10-09,11.03,11.24,10.82,11.18,16097270
2020-10-12,11.31,11.31,10.97,10.97,4123850
2020-10-13,11.03,11.03,10.87,11.0,8998620
2020-10-14,10.95,11.21,10.68,11.08,22840530
2020-10-15,11.1,11.24,10.92,11.03,15567050
2020-10-16,11.0,11.08,10.76,11.08,14283420
2020-10-19,10.95,10.95,10.82,10.82,7497370
2020-10-20,10.92,11.1,10.71,10.97,36953630
2020-10-21,10.97,11.0,10.71,10.97,13073280
2020-10-22,10.84,10.89,10.74,10.74,7023460
2020-10-23,10.76,10.84,10.74,10.76,2962630
2020-10-26,10.79,10.92,10.53,10.53,11895940
2020-10-27,10.55,10.63,10.13,10.29,12793100
2020-10-28,10.16,10.19,9.74,9.98,11540740
2020-10-29,9.87,9.92,9.71,9.82,3934950
2020-10-30,9.87,9.92,9.58,9.71,5839620
2020-11-02,9.77,9.77,9.45,9.45,3920940
2020-11-03,9.48,9.82,9.48,9.77,4976030
2020-11-04,9.82,9.92,9.69,9.87,3617320
2020-11-05,9.82,10.03,9.79,9.87,3922890
2020-11-06,9.9,9.98,9.77,9.87,3188320
2020-11-09,9.9,9.92,9.84,9.87,2326120
2020-11-10,9.92,9.98,9.77,9.87,5280320
2020-11-11,9.79,9.84,9.69,9.74,7274850
2020-11-12,9.77,9.84,9.69,9.82,3366410
2020-11-13,9.82,9.82,9.71,9.79,1714110
2020-11-16,9.82,9.82,9.5,9.5,3215370
2020-11-17,9.56,9.84,9.5,9.84,8399350
2020-11-18,9.77,9.95,9.71,9.9,5918250
2020-11-19,9.82,10.0,9.74,9.98,8325970
2020-11-20,10.05,10.66,10.05,10.66,11655810
2020-11-23,10.87,11.18,10.4,10.95,16584510
2020-11-24,10.92,10.92,10.5,10.55,8262730
2020-11-25,10.5,10.61,10.24,10.58,8672770
2020-11-26,10.63,10.89,10.63,10.84,11578480
2020-11-27,10.84,10.84,10.61,10.61,5437700
2020-11-30,10.63,10.74,10.24,10.24,9693850
2020-12-01,9.92,10.79,9.87,10.79,28270800
2020-12-02,10.53,10.58,10.4,10.53,12125400
2020-12-03,10.45,10.53,10.19,10.53,16912120
2020-12-04,10.34,10.34,10.19,10.34,19491690
2020-12-07,10.37,10.37,10.11,10.37,23272730
2020-12-08,10.24,10.29,10.08,10.21,10095660
2020-12-09,10.21,10.32,9.87,10.32,26878490
2020-12-10,10.08,10.21,10.03,10.03,2676550
2020-12-11,10.08,10.16,9.95,10.05,2133770
2020-12-14,10.19,10.24,10.11,10.11,4815760
2020-12-15,10.13,10.16,10.03,10.03,4687670
2020-12-16,10.13,10.13,10.03,10.03,3987770
2020-12-17,10.03,10.19,9.92,10.05,8512500
2020-12-18,10.11,10.19,10.05,10.13,5683010
2020-12-21,10.21,10.24,10.11,10.13,5875150
2020-12-22,10.13,10.34,10.08,10.26,6491870
2020-12-23,10.4,10.87,10.21,10.66,12008360
2020-12-24,10.71,10.87,10.08,10.47,10796900
2020-12-25,10.45,10.61,10.26,10.5,4770700
2020-12-28,10.61,10.92,10.53,10.71,9875830
2020-12-29,10.76,10.93,10.76,10.85,4892390
2020-12-30,10.93,11.17,10.82,10.87,6472720
2020-12-31,10.87,10.93,10.71,10.74,5345790
2021-01-04,10.82,11.01,10.71,10.79,5695300
2021-01-05,10.76,10.9,10.71,10.79,5199100
2021-01-06,10.87,11.54,10.79,11.19,19957600
2021-01-07,11.36,11.52,11.28,11.36,8550300
2021-01-08,11.49,12.14,11.38,12.14,18368900
2021-01-11,12.49,12.97,12.38,12.97,12515100
2021-01-12,13.35,13.7,12.97,13.46,9784100
2021-01-13,13.35,13.46,13.0,13.0,11307600
2021-01-14,13.13,13.83,12.94,13.83,11809100
2021-01-15,14.16,14.42,13.99,14.21,5956100
2021-01-18,14.05,14.75,13.86,14.07,7919300
2021-01-19,13.99,14.02,13.11,13.11,10511200
2021-01-20,13.11,13.35,12.19,12.76,11910900
2021-01-21,13.05,13.64,12.81,13.64,9267500
2021-01-22,13.89,14.26,13.64,13.94,8736000
2021-01-25,13.67,14.16,13.56,13.97,6660600
2021-01-26,13.97,13.97,13.0,13.08,9280400
2021-01-27,12.81,13.43,12.33,12.38,8180800
2021-01-28,11.52,11.89,11.52,11.52,9232700
2021-01-29,10.76,12.14,10.76,11.81,9480600
2021-02-01,11.79,12.06,11.01,11.01,8495100
2021-02-02,11.03,11.57,10.66,11.3,5477700
2021-02-03,11.46,12.08,11.3,12.08,6281900
2021-02-04,12.11,12.24,11.84,12.03,5233400
2021-02-05,12.08,12.38,11.92,12.14,4129200
2021-02-08,12.14,12.14,11.3,11.3,8662500
2021-02-09,11.46,11.68,11.09,11.46,4655800
2021-02-17,11.63,12.03,11.6,11.92,4564200
2021-02-18,11.92,12.76,11.76,12.65,9018700
2021-02-19,12.43,12.81,12.41,12.54,3965000
2021-02-22,12.54,12.73,12.16,12.27,5735600
2021-02-23,12.27,12.62,12.16,12.38,5557800
2021-02-24,12.54,12.54,11.89,11.98,6689300
2021-02-25,12.16,12.22,11.76,11.87,6209100
2021-02-26,11.65,11.87,11.52,11.73,5700300
2021-03-01,11.87,12.22,11.79,12.16,3998800
2021-03-02,12.38,12.43,12.06,12.11,3712200
2021-03-03,12.06,12.33,12.0,12.24,4409600
2021-03-04,12.3,12.35,11.63,11.73,4660900
2021-03-05,11.73,11.95,11.6,11.81,3965300
2021-03-08,11.89,12.06,11.84,11.87,3958100
2021-03-09,11.87,12.38,11.71,12.03,5186900
2021-03-10,12.16,12.27,12.03,12.22,3988000
2021-03-11,12.38,12.41,12.22,12.27,3821800
2021-03-12,12.33,12.33,12.11,12.19,3587000
2021-03-15,12.16,12.35,12.11,12.22,4015100
2021-03-16,12.24,12.81,12.22,12.7,9215400
2021-03-17,12.81,13.13,12.73,12.84,6236000
2021-03-18,12.92,12.92,12.65,12.81,4200500
2021-03-19,12.73,12.78,12.38,12.38,5082700
2021-03-22,12.54,12.62,12.38,12.49,3895800
2021-03-23,12.49,12.49,12.11,12.19,4431200
2021-03-24,11.98,12.11,11.68,11.79,6193600
2021-03-25,11.84,11.95,11.6,11.73,4423700
2021-03-26,11.68,11.79,11.19,11.63,4888800
2021-03-29,11.79,12.16,11.65,12.06,3548900
2021-03-30,12.14,12.38,11.95,12.27,4334300
2021-03-31,12.27,12.68,12.11,12.33,7797400
2021-04-01,12.41,13.08,12.33,13.05,11768100
2021-04-02,13.13,13.29,12.78,13.02,10056200
2021-04-05,13.13,13.32,12.86,13.21,14249700
2021-04-06,13.02,13.99,12.94,13.94,10585700
2021-04-07,13.72,14.26,13.54,14.21,10147400
2021-04-08,14.02,14.02,13.72,13.99,6876200
2021-04-09,13.78,14.21,13.46,14.21,18335900
2021-04-12,13.97,13.99,13.75,13.94,13462500
2021-04-13,13.89,13.89,13.13,13.24,10375400
2021-04-14,12.97,13.4,12.86,13.19,6823100
2021-04-15,13.19,13.51,12.89,12.89,6236200
2021-04-16,12.86,12.86,12.19,12.35,9160500
2021-04-19,12.33,12.76,12.19,12.57,6941800
2021-04-20,12.65,12.68,12.24,12.24,4829600
2021-04-22,12.11,12.3,11.57,11.57,6153900
2021-04-23,11.54,12.06,11.46,12.0,7949700
2021-04-26,12.0,12.0,11.57,11.57,4586400
2021-04-27,11.57,11.89,11.41,11.71,3400000
2021-04-28,11.71,11.98,11.68,11.84,3095800
2021-04-29,11.95,11.95,11.68,11.68,3798700
2021-05-04,11.49,12.35,11.36,12.14,5824300
2021-05-05,12.27,12.35,12.11,12.11,3480600
2021-05-06,12.33,12.65,12.22,12.22,6403700
2021-05-07,12.16,12.19,11.73,11.79,5665500
2021-05-10,11.63,12.0,11.57,11.76,4475900
2021-05-11,11.84,12.16,11.84,11.89,4534500
2021-05-12,11.89,12.06,11.87,12.0,2713900
2021-05-13,11.98,12.24,11.84,11.84,5250600
2021-05-14,11.95,12.11,11.84,12.11,4772300
2021-05-17,12.27,12.43,12.06,12.33,6798500
2021-05-18,12.24,12.24,11.95,11.95,3444400
2021-05-19,11.95,12.0,11.73,11.76,4403500
2021-05-20,11.76,11.81,11.46,11.81,6730200
2021-05-21,11.79,12.11,11.6,12.11,5059200
2021-05-24,12.16,12.65,12.03,12.65,11000200
2021-05-25,12.49,12.68,12.41,12.65,6501600
2021-05-26,12.49,12.51,12.3,12.38,4913400
2021-05-27,12.27,12.27,11.84,11.89,5724200
2021-05-28,11.84,12.19,11.79,12.11,5430000
2021-05-31,11.95,12.11,11.84,12.0,4819600
2021-06-01,11.95,11.95,11.73,11.76,6499500
2021-06-02,11.71,12.0,11.63,11.95,4469400
2021-06-03,12.11,12.11,11.92,12.03,5097100
2021-06-04,12.03,12.03,11.84,11.89,4955100
2021-06-07,12.0,12.38,11.89,12.16,5843400
2021-06-08,12.22,12.3,11.79,11.79,4956000
2021-06-09,11.79,11.95,11.71,11.84,4560300
2021-06-10,11.84,11.89,11.73,11.73,3864900
2021-06-11,11.73,11.89,11.71,11.79,4051100
2021-06-14,11.79,12.0,11.71,11.95,7615500
2021-06-15,12.0,12.0,11.57,12.0,8303000
2021-06-16,12.03,12.3,11.89,12.11,6656300
2021-06-17,11.89,12.11,11.89,11.95,3424600
2021-06-18,11.98,12.78,11.89,12.65,16894200
2021-06-21,12.65,12.65,12.27,12.27,5885900
2021-06-22,12.27,12.54,12.19,12.22,5421700
2021-06-23,12.16,12.22,11.89,11.89,6701900
2021-06-24,11.89,12.06,11.79,11.92,3828100
2021-06-25,11.98,12.0,11.79,11.87,4052900
2021-06-28,11.84,11.92,11.79,11.87,3853700
2021-06-29,11.84,12.0,11.79,11.79,4099900
2021-06-30,11.79,11.89,11.76,11.76,2541500
2021-07-01,11.79,11.84,11.71,11.79,3459100
2021-07-02,11.81,11.84,11.68,11.76,3599400
2021-07-05,11.68,11.76,11.41,11.46,5973500
2021-07-06,11.41,11.52,10.98,11.09,10233800
2021-07-07,11.06,11.79,10.52,11.79,10158200
2021-07-08,11.49,11.49,11.19,11.33,3314900
2021-07-09,11.14,11.17,10.68,10.76,4030600
2021-07-12,10.66,10.76,10.01,10.09,7699900
2021-07-13,10.17,10.58,9.96,10.58,5483500
2021-07-14,10.44,10.63,10.12,10.28,3969700
2021-07-15,10.17,10.39,10.17,10.31,3740900
2021-07-16,10.33,10.6,10.28,10.33,4106700
2021-07-19,9.98,10.28,9.71,9.71,6864600
2021-07-20,9.74,10.17,9.47,10.15,8076300
2021-07-21,9.98,10.31,9.96,10.17,11064400
2021-07-22,10.04,10.33,10.04,10.31,5776100
2021-07-23,10.23,10.28,9.96,9.96,2982900
2021-07-26,9.85,10.06,9.74,10.01,2480600
2021-07-27,10.01,10.17,9.98,10.12,3805800
2021-07-28,10.01,10.33,9.96,10.31,6891300
2021-07-29,10.28,10.28,10.15,10.17,2532000
2021-07-30,10.17,10.47,10.06,10.31,13089800
2021-08-02,10.23,10.28,10.09,10.12,3503100
2021-08-03,10.12,10.33,10.04,10.33,8621700
2021-08-04,10.23,10.28,10.15,10.17,3176300
2021-08-05,10.12,10.28,10.06,10.2,6237000
2021-08-06,10.2,10.28,10.09,10.15,6248500
2021-08-09,10.12,10.23,10.12,10.17,5071400
2021-08-10,10.31,10.6,10.2,10.58,11920900
2021-08-11,10.63,10.76,10.6,10.66,7943600
2021-08-12,10.5,10.58,10.44,10.5,4621300
2021-08-13,10.44,10.47,10.15,10.44,7676500
2021-08-16,10.5,10.52,10.33,10.33,5700100
2021-08-17,10.36,10.36,10.17,10.25,5232500
2021-08-18,10.17,10.5,10.15,10.39,12004700
2021-08-19,10.41,10.41,10.2,10.2,3452000
2021-08-20,10.23,10.28,9.9,10.23,12077800
2021-08-23,10.06,10.12,9.85,10.12,7320600
2021-08-24,9.96,10.06,9.8,9.8,5670400
2021-08-25,9.82,9.96,9.74,9.88,3090700
2021-08-26,9.9,9.93,9.8,9.85,2099200
2021-08-27,9.8,9.93,9.66,9.9,3817000
2021-08-30,10.28,10.33,10.06,10.23,13644300
2021-08-31,10.23,10.68,10.06,10.5,15861400
2021-09-01,10.47,10.66,10.39,10.58,7135100
2021-09-06,10.58,10.95,10.47,10.85,10601700
2021-09-07,10.85,10.85,10.41,10.44,8171000
2021-09-08,10.44,10.44,10.04,10.23,11728700
2021-09-09,10.09,10.25,9.96,9.96,13850600
2021-09-10,10.63,10.63,10.63,10.63,2452800
2021-09-13,11.37,11.37,10.69,10.69,16053900
2021-09-14,10.6,10.91,10.38,10.82,11365200
2021-09-15,10.82,11.03,10.82,11.03,7235800
2021-09-16,10.88,10.97,10.6,10.6,10089100
2021-09-17,10.54,10.66,10.54,10.66,8268700
2021-09-20,10.72,10.78,10.57,10.69,6135300
2021-09-21,10.54,10.78,10.47,10.66,7047600
2021-09-22,10.66,10.69,10.57,10.69,4641600
2021-09-23,10.78,10.97,10.72,10.94,22367000
2021-09-24,10.97,11.34,10.88,11.19,15939900
2021-09-27,11.22,11.25,10.94,11.09,8061100
2021-09-28,11.03,11.31,10.75,11.19,17649000
2021-09-29,10.97,11.03,10.75,11.03,12156900
2021-09-30,10.97,11.06,10.78,11.06,9729900
2021-10-01,10.88,11.09,10.82,11.09,12410500
2021-10-04,11.03,11.03,10.78,10.85,13891100
2021-10-05,10.78,10.94,10.72,10.88,11175800
2021-10-06,10.91,10.94,10.78,10.91,9667900
2021-10-07,10.94,10.94,10.72,10.72,4972300
2021-10-08,10.72,10.78,10.57,10.57,4597300
2021-10-11,10.57,10.6,10.47,10.54,4623500
2021-10-12,10.57,10.72,10.57,10.66,4003700
2021-10-13,10.69,10.72,10.6,10.6,9069500
2021-10-14,10.6,10.69,10.57,10.63,6255200
2021-10-15,10.63,10.66,10.51,10.57,6120300
2021-10-18,10.57,10.6,10.38,10.38,4559600
2021-10-19,10.38,10.41,10.26,10.26,4908800
2021-10-20,10.26,10.44,10.26,10.32,3350700
2021-10-21,10.35,10.38,10.29,10.32,2084800
2021-10-22,10.35,10.75,10.29,10.54,10344600
2021-10-25,10.57,10.69,10.54,10.54,4294200
2021-10-26,10.47,10.54,10.41,10.44,2654600
2021-10-27,10.47,10.63,10.44,10.51,5648500
2021-10-28,10.57,10.91,10.51,10.78,12470100
2021-10-29,10.88,11.16,10.82,11.06,10596800
2021-11-01,11.16,11.71,11.16,11.68,12784500
2021-11-02,11.78,12.05,11.59,11.81,10275000
2021-11-03,11.81,11.87,11.16,11.16,13562100
2021-11-04,11.06,11.44,10.97,11.16,7136400
2021-11-05,11.22,11.53,11.19,11.47,4875600
2021-11-08,11.59,11.93,11.5,11.71,7977500
2021-11-09,11.78,11.87,11.47,11.5,5826600
2021-11-10,11.53,11.96,11.37,11.87,9490800
2021-11-11,12.09,12.67,11.96,12.67,11892600
2021-11-12,13.54,13.54,13.54,13.54,3171900
2021-11-15,14.47,14.47,13.64,14.47,13292400
2021-11-16,14.13,15.12,14.01,14.44,19447800
2021-11-17,14.44,14.78,14.16,14.75,10150200
2021-11-18,14.87,15.77,14.87,15.77,10446100
2021-11-19,16.7,16.77,14.75,15.9,18315800
2021-11-22,15.9,15.9,14.81,14.81,11367700
2021-11-23,14.01,15.15,13.95,14.56,14210100
2021-11-24,14.78,14.87,13.95,13.95,8399600
2021-11-25,13.76,14.91,13.45,14.91,32436200
2021-11-26,15.37,15.68,14.41,14.56,12139200
2021-11-29,14.32,14.84,14.19,14.44,12092000
2021-11-30,14.69,15.43,14.38,15.09,21997200
2021-12-01,15.18,15.8,14.87,15.06,9755200
2021-12-02,15.18,15.37,14.87,14.87,8821600
2021-12-03,15.0,15.03,13.85,13.85,20222300
2021-12-06,13.85,13.98,12.89,12.89,17370800
2021-12-07,13.02,13.36,12.86,13.11,9493500
2021-12-08,13.23,13.36,12.92,12.92,9614600
2021-12-09,12.89,13.82,12.83,13.82,12833800
2021-12-10,13.95,13.98,13.48,13.64,10084500
2021-12-13,13.88,14.56,13.64,14.56,13827100
2021-12-14,14.81,15.31,14.47,14.87,15745100
2021-12-15,14.87,15.37,14.63,14.91,14284700
2021-12-16,15.12,15.77,14.87,15.56,18511100
2021-12-17,15.71,16.08,15.49,15.62,19955400
2021-12-20,15.49,15.87,15.09,15.31,15361200
2021-12-21,15.18,16.36,15.0,16.36,18649200
2021-12-22,16.98,17.48,16.83,17.48,22269500
2021-12-23,17.51,17.91,16.77,17.26,22117400
2021-12-24,17.17,17.91,16.49,17.14,14379900
2021-12-27,17.17,18.31,16.67,18.31,18229300
2021-12-28,18.78,18.84,17.76,18.19,12565600
2021-12-29,18.19,18.25,17.66,17.66,9407300
2021-12-30,17.38,18.1,17.35,17.45,11050700
2021-12-31,17.45,17.66,16.86,17.01,12983100
2022-01-04,17.23,17.94,16.98,17.42,10533500
2022-01-05,17.66,18.16,17.45,17.54,12020700
2022-01-06,17.35,18.22,17.29,17.97,16472400
2022-01-07,18.16,18.22,17.66,17.66,11140800
2022-01-10,17.66,18.87,17.17,17.35,24750500
2022-01-11,17.66,18.04,17.35,17.54,16555300
2022-01-12,17.26,17.6,16.33,16.33,25635900
2022-01-13,16.67,16.7,15.2,15.26,15361800
2022-01-14,14.73,16.2,14.73,15.93,10540400
2022-01-17,15.93,16.13,14.83,14.83,9776400
2022-01-18,14.73,14.79,13.79,13.79,9533000
2022-01-19,13.66,14.36,13.66,13.99,8403900
2022-01-20,14.19,14.96,14.06,14.96,4749700
2022-01-21,15.26,15.46,14.76,15.2,7814300
2022-01-24,14.86,14.99,14.16,14.16,7735400
2022-01-25,13.92,14.32,13.45,14.22,7052800
2022-01-26,14.32,14.39,13.25,13.25,11562000
2022-01-27,13.12,13.66,12.92,13.05,5029400
2022-01-28,13.39,13.39,12.48,13.22,5942100
2022-02-07,13.45,13.96,13.42,13.69,3212800
2022-02-08,13.69,13.92,13.45,13.66,4625000
2022-02-09,13.66,14.26,13.56,14.09,6708900
2022-02-10,14.22,14.49,14.02,14.06,4121200
2022-02-11,13.92,14.09,13.79,13.86,3904100
2022-02-14,13.42,13.92,13.42,13.59,5391000
2022-02-15,13.59,13.99,13.59,13.89,3551200
2022-02-16,13.96,14.86,13.96,14.63,12077500
2022-02-17,14.63,14.79,14.49,14.56,5242900
2022-02-18,14.39,15.06,14.29,15.06,9121900
2022-02-21,15.13,15.63,15.13,15.16,10950300
2022-02-22,14.86,15.09,14.39,14.69,10909400
2022-02-23,14.73,14.99,14.69,14.73,5516200
2022-02-24,14.59,14.89,13.72,14.26,12740200
2022-02-25,14.46,14.73,14.36,14.43,6127500
2022-02-28,14.43,14.49,14.22,14.29,4824400
2022-03-01,14.29,14.83,14.22,14.46,7163500
2022-03-02,14.36,14.63,14.06,14.16,8764300
2022-03-03,14.22,14.49,14.12,14.32,5453800
2022-03-04,14.29,14.89,14.22,14.79,11718300
2022-03-07,14.79,15.06,14.56,14.93,8377200
2022-03-08,14.66,15.33,14.59,14.59,10571600
2022-03-09,14.59,14.76,14.26,14.36,8513800
2022-03-10,14.63,14.63,14.39,14.43,4836400
2022-03-11,14.29,14.43,13.99,14.06,7488000
2022-03-14,13.99,14.02,13.45,13.45,8490900
2022-03-15,13.56,13.76,13.52,13.66,4255300
2022-03-16,13.86,13.92,13.72,13.72,2980000
2022-03-17,13.96,14.22,13.79,13.89,3493800
2022-03-18,13.99,14.16,13.86,13.86,4019700
2022-03-21,13.92,14.29,13.92,14.26,5670900
2022-03-22,14.39,14.39,14.12,14.12,6476300
2022-03-23,14.12,14.19,13.99,14.06,6193900
2022-03-24,14.06,14.39,13.86,14.22,6299700
2022-03-25,14.32,14.86,14.22,14.66,13311200
2022-03-28,14.39,14.63,13.92,14.06,7782400
2022-03-29,14.26,14.39,14.12,14.32,4457900
2022-03-30,14.06,14.29,13.59,13.62,10521500
2022-03-31,13.79,13.86,13.49,13.52,4632800
2022-04-01,13.45,13.92,13.39,13.86,4074500
2022-04-04,13.99,13.99,13.76,13.79,3408500
2022-04-05,13.79,13.86,13.62,13.62,4617200
2022-04-06,13.49,13.72,13.39,13.52,5242700
2022-04-07,13.52,13.62,13.25,13.25,5987700
2022-04-08,13.35,13.35,12.72,12.72,6189500
2022-04-12,12.72,13.02,12.58,12.58,4946500
2022-04-13,12.72,12.82,12.25,12.65,4082500
2022-04-14,12.72,12.85,12.52,12.52,2376200
2022-04-15,12.52,12.68,11.92,12.08,3978600
2022-04-18,12.05,12.12,11.25,11.25,8575900
2022-04-19,11.31,11.48,10.48,10.48,4983200
2022-04-20,10.48,10.94,10.24,10.44,6342000
2022-04-21,10.28,10.71,9.94,10.31,5306500
2022-04-22,10.58,10.81,10.17,10.61,3327400
2022-04-25,10.58,10.84,9.87,9.87,5830400
2022-04-26,9.87,10.41,9.64,10.41,4656300
2022-04-27,10.34,10.68,10.17,10.64,2749900
2022-04-28,10.68,10.81,10.48,10.51,2928300
2022-04-29,10.41,10.84,10.41,10.78,4207500
2022-05-04,10.61,10.81,10.41,10.44,3402000
2022-05-05,10.68,10.68,10.24,10.34,2516400
2022-05-06,10.04,10.31,9.91,9.91,3161700
2022-05-09,9.71,9.77,9.24,9.24,5816300
2022-05-10,8.7,9.2,8.64,9.2,4559900
2022-05-11,9.24,9.51,9.14,9.3,3095400
2022-05-12,9.27,9.34,8.67,8.67,4013800
2022-05-13,8.43,8.77,8.07,8.07,9217100
2022-05-16,8.23,8.5,7.97,8.0,4056300
2022-05-17,8.07,8.53,7.97,8.53,5205900
2022-05-18,8.7,9.0,8.67,8.74,4522500
2022-05-19,8.43,8.74,8.43,8.67,3039100
2022-05-20,8.67,9.07,8.64,8.9,4081400
2022-05-23,9.04,9.04,8.4,8.47,3882200
2022-05-24,8.5,8.6,8.2,8.5,3505100
2022-05-25,8.57,9.07,8.57,9.07,6590700
2022-05-26,9.14,9.44,9.14,9.3,6406800
2022-05-27,9.34,9.4,9.24,9.34,4061400
2022-05-30,9.44,9.51,9.27,9.3,3129200
2022-05-31,9.24,9.34,9.14,9.14,3769600
2022-06-01,9.14,9.27,8.97,9.14,2791800
2022-06-02,9.14,9.24,8.74,8.77,4340400
2022-06-03,8.77,8.9,8.64,8.67,2316700
2022-06-06,8.67,8.8,8.43,8.43,3302000
2022-06-07,8.43,8.53,8.23,8.5,4158400
2022-06-08,8.6,8.9,8.57,8.84,2588900
2022-06-09,8.84,9.24,8.64,9.04,3561300
2022-06-10,8.84,9.3,8.77,8.9,4344100
2022-06-13,8.5,8.74,8.3,8.3,4793200
2022-06-14,8.23,8.4,8.03,8.13,3270300
2022-06-15,8.17,8.3,7.56,7.7,6207500
2022-06-16,7.97,8.03,7.63,7.63,3057900
2022-06-17,7.3,7.5,7.13,7.13,7156100
2022-06-20,6.96,7.2,6.63,6.63,7388400
2022-06-21,6.21,6.76,6.21,6.63,4828000
2022-06-22,6.89,7.06,6.76,7.06,4373700
2022-06-23,7.1,7.23,7.03,7.16,3035900
2022-06-24,7.1,7.26,7.06,7.06,3070300
2022-06-27,7.2,7.53,7.06,7.53,4720800
2022-06-28,7.6,7.9,7.53,7.7,4416900
2022-06-29,7.53,7.73,7.36,7.5,3271400
2022-06-30,7.46,7.66,7.16,7.16,4799400
2022-07-01,7.16,7.4,6.89,7.33,4121000
2022-07-04,7.53,7.53,7.3,7.4,2272900
2022-07-05,7.4,7.43,7.1,7.1,2952100
2022-07-06,6.89,7.33,6.89,6.93,3775300
2022-07-07,7.03,7.13,6.89,7.03,2908500
2022-07-08,7.16,7.5,7.1,7.5,7427000
2022-07-11,7.5,7.66,7.36,7.46,3634900
2022-07-12,7.5,7.8,7.46,7.76,5054500
2022-07-13,7.76,7.83,7.6,7.6,4410700
2022-07-14,7.56,7.87,7.53,7.73,3974500
2022-07-15,7.83,8.13,7.8,7.93,5997300
2022-07-18,7.97,8.1,7.83,7.87,4590200
2022-07-19,7.83,7.9,7.63,7.83,3861900
2022-07-20,8.03,8.37,7.93,8.13,6627400
2022-07-21,8.17,8.23,7.93,7.97,2961300
2022-07-22,8.03,8.1,7.9,7.9,2286300
2022-07-25,7.86,7.9,7.73,7.79,2007500
2022-07-26,7.83,7.93,7.76,7.79,1477800
2022-07-27,7.69,7.97,7.69,7.93,2503800
2022-07-28,8.14,8.24,8.03,8.1,4161300
2022-07-29,8.14,8.24,8.03,8.1,2847800
2022-08-01,8.1,8.45,8.07,8.41,5826800
2022-08-02,8.41,8.58,8.31,8.45,5297000
2022-08-03,8.38,8.45,8.31,8.45,7038500
2022-08-04,8.48,8.72,8.41,8.55,7074100
2022-08-05,8.58,8.58,8.41,8.55,3113600
2022-08-08,8.58,8.69,8.45,8.45,4598900
2022-08-09,8.45,8.82,8.45,8.62,8430600
2022-08-10,8.62,8.79,8.58,8.65,3739300
2022-08-11,8.76,8.79,8.38,8.41,4695600
2022-08-12,8.41,8.55,8.31,8.48,3099500
2022-08-15,8.58,8.65,8.48,8.55,3612900
2022-08-16,8.51,8.58,8.45,8.51,2811000
2022-08-17,8.58,8.76,8.45,8.48,4672800
2022-08-18,8.48,8.48,8.34,8.34,2879100
2022-08-19,8.34,8.45,8.21,8.21,3466600
2022-08-22,8.21,8.24,8.0,8.0,3048100
2022-08-23,7.97,8.27,7.9,8.27,2415200
2022-08-24,8.27,8.34,8.24,8.31,2986700
2022-08-25,8.38,8.58,8.31,8.55,5028900
2022-08-26,8.65,8.86,8.51,8.58,7969500
2022-08-29,8.34,8.41,8.14,8.31,4854400
2022-08-30,8.41,8.41,8.17,8.17,3103200
2022-08-31,8.24,8.38,8.14,8.31,3064800
2022-09-05,8.31,8.38,8.21,8.24,2112300
2022-09-06,8.24,8.31,8.21,8.21,2939000
2022-09-07,8.21,8.24,7.66,7.9,5326100
2022-09-08,7.97,8.0,7.62,7.69,3460000
2022-09-09,7.76,7.83,7.48,7.62,3580400
2022-09-12,7.76,7.83,7.55,7.62,3316042
2022-09-13,7.69,7.76,7.52,7.62,2775588
2022-09-14,7.45,7.59,7.35,7.52,3807843
2022-09-15,7.62,7.62,7.48,7.52,1880587
2022-09-16,7.52,7.52,7.24,7.28,2394643
2022-09-19,7.35,7.35,6.87,6.87,4204992
2022-09-20,7.0,7.18,6.87,7.18,3482074
2022-09-21,7.14,7.42,7.07,7.38,4306770
2022-09-22,7.35,7.69,7.28,7.66,4092866
2022-09-23,7.73,7.79,7.45,7.55,3634848
2022-09-26,7.48,7.93,7.45,7.86,10175061
2022-09-27,8.1,8.41,7.97,8.31,11465240
2022-09-28,8.45,8.51,7.83,8.0,9973941
2022-09-29,8.17,8.21,7.45,7.45,6451289
2022-09-30,7.45,7.76,7.07,7.76,7669312
2022-10-03,7.73,8.03,7.31,7.42,7459745
2022-10-04,7.62,7.69,7.28,7.35,5093360
2022-10-05,7.55,7.69,7.48,7.55,4236966
2022-10-06,7.59,7.66,7.04,7.04,6046064
2022-10-07,6.94,6.97,6.56,6.56,7134415
2022-10-10,6.45,6.87,6.45,6.87,4259323
2022-10-11,6.8,6.87,6.39,6.39,4325565
2022-10-12,6.32,6.82,6.32,6.7,3334216
2022-10-13,6.7,6.79,6.59,6.67,1728676
2022-10-14,6.85,6.87,6.62,6.67,3260044
2022-10-17,6.67,6.72,6.46,6.62,2052577
2022-10-18,6.73,7.04,6.72,6.81,4056876
2022-10-19,6.87,6.94,6.76,6.77,1218764
2022-10-20,6.76,6.77,6.59,6.67,2115407
2022-10-21,6.73,6.73,6.21,6.21,4517351
2022-10-24,6.3,6.45,5.78,5.78,7474920
2022-10-25,5.6,5.97,5.4,5.53,6038094
2022-10-26,5.63,5.73,5.18,5.18,4719366
2022-10-27,5.21,5.54,5.15,5.54,3631285
2022-10-28,5.64,5.86,5.6,5.65,3193690
2022-10-31,5.7,5.7,5.33,5.49,4863388
2022-11-01,5.65,5.7,5.49,5.58,2505791
2022-11-02,5.59,5.69,5.51,5.53,2005016
2022-11-03,5.42,5.53,5.36,5.39,2201354
2022-11-04,5.36,5.39,5.02,5.02,6434908
2022-11-07,4.92,5.06,4.67,4.67,6710767
2022-11-08,4.78,4.98,4.68,4.98,6366289
2022-11-09,5.14,5.31,5.12,5.21,5552644
2022-11-10,5.15,5.21,4.85,4.85,8052051
2022-11-11,5.01,5.07,4.51,4.51,7150109
2022-11-14,4.2,4.35,4.2,4.2,8492497
2022-11-15,3.91,4.05,3.91,3.91,5081503
2022-11-16,3.65,4.18,3.65,4.18,11018882
2022-11-17,4.45,4.47,4.33,4.47,6808473
2022-11-18,4.57,4.78,4.19,4.78,12624294
2022-11-21,4.94,5.11,4.91,5.11,5392868
2022-11-22,5.47,5.47,5.36,5.47,15185426
2022-11-23,5.47,5.74,5.34,5.45,9816717
2022-11-24,5.36,5.6,5.32,5.56,5620732
2022-11-25,5.77,5.92,5.64,5.92,7039328
2022-11-28,6.11,6.33,6.06,6.33,8113840
2022-11-29,6.45,6.45,6.04,6.22,12613255
2022-11-30,6.22,6.41,6.15,6.25,9836237
2022-12-01,6.64,6.64,6.17,6.19,10814651
2022-12-02,5.99,6.34,5.85,6.33,10132169
2022-12-05,6.48,6.56,6.13,6.13,9505172
2022-12-06,6.01,6.05,5.7,5.7,15098154
2022-12-07,5.47,5.7,5.31,5.31,9411679
2022-12-08,5.46,5.67,5.46,5.67,9391816
2022-12-09,5.73,5.74,5.58,5.65,3652190
2022-12-12,5.62,5.86,5.58,5.59,7069066
2022-12-13,5.58,5.77,5.51,5.77,4737822
2022-12-14,5.92,6.17,5.84,6.17,9619970
2022-12-15,6.25,6.37,6.07,6.08,8300011
2022-12-16,5.89,6.25,5.89,6.25,7961223
2022-12-19,6.25,6.3,5.81,5.81,8989031
2022-12-20,5.74,5.89,5.46,5.54,8600460
2022-12-21,5.73,5.73,5.21,5.47,5448034
2022-12-22,5.58,5.66,5.3,5.54,2817458
2022-12-23,5.54,5.58,5.43,5.51,1942701
2022-12-26,5.46,5.5,5.13,5.13,3969662
2022-12-27,5.14,5.46,5.1,5.46,3088656
2022-12-28,5.5,5.54,5.38,5.46,1891534
2022-12-29,5.44,5.61,5.38,5.43,2046569
2022-12-30,5.47,5.47,5.22,5.37,2016763
2023-01-03,5.37,5.7,5.37,5.7,4229698
2023-01-04,5.73,5.77,5.61,5.62,3766272
2023-01-05,5.62,5.68,5.55,5.62,2096738
2023-01-06,5.65,5.7,5.51,5.51,3149825
2023-01-09,5.61,5.61,5.5,5.5,1747974
2023-01-10,5.54,5.69,5.39,5.58,2729279
2023-01-11,5.7,5.73,5.58,5.64,3418769
2023-01-12,5.62,5.66,5.55,5.57,1980371
2023-01-13,5.62,5.69,5.54,5.58,3072212
2023-01-16,5.58,5.66,5.54,5.54,2059519
2023-01-17,5.61,5.85,5.57,5.83,5525013
2023-01-18,5.85,6.0,5.77,5.96,4353984
2023-01-19,5.96,6.0,5.85,5.95,4390043
2023-01-27,6.05,6.08,5.94,5.99,3776364
2023-01-30,6.07,6.26,5.97,6.19,8092004
2023-01-31,6.19,6.25,5.97,6.15,5707464
2023-02-01,6.16,6.35,6.0,6.01,10240300
2023-02-02,6.09,6.09,5.73,5.77,4367483
2023-02-03,5.81,5.89,5.71,5.81,3642967
2023-02-06,5.84,6.12,5.81,6.08,6606455
2023-02-07,6.08,6.21,5.86,5.91,5336019
2023-02-08,5.97,5.98,5.73,5.87,3726769
2023-02-09,5.85,6.04,5.85,5.9,2466039
2023-02-10,5.9,5.92,5.76,5.76,3022538
2023-02-13,5.7,5.72,5.42,5.54,6286749
2023-02-14,5.62,5.65,5.52,5.54,1474168
2023-02-15,5.54,5.77,5.46,5.7,1995212
2023-02-16,5.73,5.75,5.59,5.7,2109624
2023-02-17,5.7,5.83,5.7,5.74,3390107
2023-02-20,5.74,6.14,5.74,6.14,7667865
2023-02-21,6.34,6.44,6.17,6.25,14369131
2023-02-22,6.13,6.33,6.04,6.09,9315357
2023-02-23,6.09,6.09,5.71,5.93,7415593
2023-02-24,5.96,6.07,5.75,5.79,4190626
2023-02-27,5.66,5.69,5.54,5.54,5661599
2023-02-28,5.62,5.68,5.51,5.53,5961221
2023-03-01,5.5,5.67,5.46,5.67,3549503
2023-03-02,5.7,5.73,5.6,5.65,2449227
2023-03-03,5.69,5.69,5.57,5.57,2106139
2023-03-06,5.73,5.92,5.66,5.68,4254426
2023-03-07,5.7,5.76,5.62,5.63,1936804
2023-03-08,5.58,5.71,5.57,5.7,3061934
2023-03-09,5.7,5.84,5.7,5.73,3155358
2023-03-10,5.64,5.71,5.6,5.61,3971367
2023-03-13,5.54,5.69,5.54,5.58,2992084
2023-03-14,5.58,5.62,5.46,5.48,3722503
2023-03-15,5.62,5.7,5.58,5.69,3468245
2023-03-16,5.64,5.65,5.54,5.58,4255141
2023-03-17,5.63,5.66,5.55,5.56,4572390
2023-03-20,5.59,5.73,5.58,5.6,3999588
2023-03-21,5.62,5.66,5.56,5.66,2328484
2023-03-22,5.69,5.79,5.66,5.7,4793796
2023-03-23,5.66,5.77,5.63,5.77,2377143
2023-03-24,5.77,5.85,5.75,5.81,3514918
2023-03-27,5.62,5.83,5.62,5.77,4785110
2023-03-28,5.83,5.92,5.81,5.85,5994625
2023-03-29,5.85,5.89,5.74,5.85,3700034
2023-03-30,5.88,5.96,5.83,5.85,7213889
2023-03-31,5.87,5.87,5.81,5.83,2549083
2023-04-03,5.97,6.12,5.91,6.02,8550108
2023-04-04,6.09,6.09,6.0,6.05,5599748
2023-04-05,6.05,6.13,6.0,6.1,5298881
2023-04-06,6.17,6.52,6.16,6.21,20886298
2023-04-07,6.26,6.29,6.14,6.28,7757762
2023-04-10,6.41,6.41,6.13,6.14,8600997
2023-04-11,6.15,6.15,5.94,6.13,6355245
2023-04-12,6.19,6.19,6.07,6.11,6633513
2023-04-13,6.12,6.17,6.05,6.05,3819197
2023-04-14,6.1,6.1,5.82,5.82,7413776
2023-04-17,5.82,5.88,5.82,5.83,2766514
2023-04-18,5.85,5.89,5.78,5.85,3727124
2023-04-19,5.85,5.92,5.76,5.79,3158048
2023-04-20,5.79,5.85,5.78,5.83,3135775
2023-04-21,5.85,5.9,5.78,5.82,2958660
2023-04-24,5.81,5.96,5.81,5.86,3240294
2023-04-25,5.92,5.92,5.83,5.85,2496438
2023-04-26,5.82,5.87,5.81,5.87,2762044
2023-04-27,5.9,6.09,5.89,6.03,4133637
2023-04-28,6.05,6.21,6.04,6.2,9544740
2023-05-04,6.28,6.4,6.25,6.29,9014583
2023-05-05,6.31,6.32,6.18,6.19,5941488
2023-05-08,6.24,6.45,6.23,6.45,11361077
2023-05-09,6.49,6.55,6.32,6.36,8601754
2023-05-10,6.37,6.61,6.37,6.53,9548699
2023-05-11,6.61,6.67,6.5,6.5,7762988
2023-05-12,6.5,6.53,6.43,6.52,7079799
2023-05-15,6.57,6.59,6.39,6.41,6946697
2023-05-16,6.41,6.52,6.38,6.42,7459589
2023-05-17,6.42,6.86,6.42,6.85,24649555
2023-05-18,6.88,6.95,6.72,6.72,7986601
2023-05-19,6.79,6.79,6.49,6.64,9553063
2023-05-22,6.68,6.85,6.65,6.83,6899827
2023-05-23,6.87,6.91,6.73,6.76,5216804
2023-05-24,6.8,6.87,6.74,6.78,6722547
2023-05-25,6.76,6.79,6.68,6.72,6471274
2023-05-26,6.76,7.01,6.72,6.96,9489296
2023-05-29,7.04,7.2,7.02,7.1,6351916
2023-05-30,7.12,7.14,6.93,7.04,9111314
2023-05-31,7.06,7.35,6.97,7.24,10827244
2023-06-01,7.25,7.31,7.12,7.14,6715037
2023-06-02,7.24,7.24,6.96,6.97,13528571
2023-06-05,7.04,7.09,6.97,7.0,5890370
2023-06-06,7.03,7.17,6.97,7.14,6286720
2023-06-07,7.19,7.37,7.14,7.26,7188854
2023-06-08,7.34,7.43,7.14,7.14,10552322
2023-06-09,7.15,7.17,7.0,7.1,6099506
2023-06-12,7.12,7.18,7.02,7.08,4278222
2023-06-13,7.11,7.22,7.1,7.17,6577143
2023-06-14,7.2,7.25,7.08,7.08,4730146
2023-06-15,7.01,7.09,6.96,6.97,5783662
2023-06-16,7.06,7.12,6.89,6.89,6031849
2023-06-19,6.91,6.96,6.84,6.85,4262358
2023-06-20,6.88,7.0,6.86,6.98,2970375
2023-06-21,6.99,7.12,6.98,7.1,4787991
2023-06-22,7.12,7.23,7.12,7.21,7057396
2023-06-23,7.23,7.3,7.1,7.17,6128689
2023-06-26,7.17,7.19,6.96,7.11,6942918
2023-06-27,7.12,7.17,7.05,7.08,3016518
2023-06-28,7.12,7.24,7.09,7.17,7541647
2023-06-29,7.2,7.2,7.04,7.05,4224403
2023-06-30,7.05,7.06,7.01,7.03,2855495
2023-07-03,7.03,7.11,7.02,7.05,1534848
2023-07-04,7.05,7.19,7.04,7.14,3394203
2023-07-05,7.22,7.22,7.14,7.17,4298539
2023-07-06,7.2,7.48,7.15,7.43,18020556
2023-07-07,7.4,7.51,7.32,7.36,6646645
2023-07-10,7.41,7.51,7.36,7.44,8175463
2023-07-11,7.48,7.67,7.46,7.52,10036592
2023-07-12,7.55,7.61,7.39,7.42,6644511
2023-07-13,7.44,7.51,7.42,7.44,6720511
2023-07-14,7.5,7.57,7.41,7.51,8557170
2023-07-17,7.59,7.67,7.53,7.6,8475950
2023-07-18,7.59,7.59,7.48,7.51,6879823
2023-07-19,7.51,7.56,7.32,7.32,10553530
2023-07-20,7.32,7.38,7.3,7.36,3869980
2023-07-21,7.4,7.45,7.36,7.44,4472055
2023-07-24,7.48,7.58,7.46,7.58,7501193
2023-07-25,7.59,7.66,7.55,7.59,8272580
2023-07-26,7.59,7.89,7.59,7.83,12409983
2023-07-27,7.84,8.23,7.84,8.15,17959380
2023-07-28,8.23,8.38,8.03,8.15,12974075
2023-07-31,8.23,8.7,8.19,8.62,12951883
2023-08-01,8.78,8.86,8.31,8.31,13752166
2023-08-02,8.31,8.46,8.23,8.38,9792954
2023-08-03,8.38,8.66,8.31,8.46,10266427
2023-08-04,8.62,9.02,8.62,9.02,24518744
2023-08-07,9.41,9.61,9.26,9.61,22220112
2023-08-08,9.81,10.16,9.57,9.69,20424439
2023-08-09,9.53,9.93,9.49,9.81,12068086
2023-08-10,9.73,9.85,9.37,9.41,12260296
2023-08-11,9.53,10.05,9.26,10.05,18405482
2023-08-14,10.28,10.72,10.2,10.72,19690520
2023-08-15,10.88,10.88,10.24,10.36,18518380
2023-08-16,10.36,10.64,10.16,10.4,12836626
2023-08-17,10.4,10.72,10.2,10.24,10644836
2023-08-18,10.05,10.2,9.53,9.53,22580135
2023-08-21,9.37,9.73,9.02,9.41,14821820
2023-08-22,9.61,10.05,9.18,10.05,23754812
2023-08-23,10.32,10.36,10.05,10.13,12703522
2023-08-24,10.13,10.4,10.01,10.28,12570187
2023-08-25,10.4,10.6,10.28,10.36,14179225
2023-08-28,10.48,10.48,10.16,10.28,14178401
2023-08-29,10.36,10.84,10.28,10.64,13840784
2023-08-30,10.84,11.19,10.76,11.03,14839835
2023-08-31,11.24,11.24,10.87,10.91,13081159
2023-09-05,10.99,11.24,10.62,10.67,19172167
2023-09-06,10.58,10.95,10.42,10.95,13120802
2023-09-07,11.08,11.32,10.95,10.95,13998050
2023-09-08,10.95,11.12,10.87,10.91,9758956
2023-09-11,11.08,11.08,10.58,10.58,16281010
2023-09-12,10.58,10.95,10.46,10.95,11429636
2023-09-13,10.99,11.57,10.99,11.16,21838482
2023-09-14,11.2,11.32,10.71,11.08,13366150
2023-09-15,11.24,11.32,10.87,10.91,10562058
2023-09-18,10.99,11.24,10.87,11.16,13423855
2023-09-19,11.24,11.36,10.99,11.24,10579503
2023-09-20,11.32,11.44,11.2,11.4,12349650
2023-09-21,11.49,12.14,11.44,11.9,20248143
2023-09-22,11.49,11.69,11.08,11.08,24610327
2023-09-25,10.79,11.03,10.34,10.34,16523089
2023-09-26,9.89,10.34,9.64,9.64,18583542
2023-09-27,9.64,10.05,9.02,10.05,14327316
2023-09-28,9.93,10.01,9.6,9.84,6847613
2023-09-29,10.01,10.05,9.52,9.52,7008051
2023-10-02,9.52,9.89,9.52,9.72,4657443
2023-10-03,9.64,9.64,9.07,9.07,14071984
2023-10-04,8.86,9.48,8.74,9.27,9317223
2023-10-05,9.43,9.43,8.94,9.11,5823103
2023-10-06,9.15,9.72,9.15,9.72,13206796
2023-10-09,9.97,10.13,9.76,10.01,9014526
2023-10-10,10.21,10.21,9.8,9.8,7194782
2023-10-11,9.84,9.97,9.68,9.97,4570615
2023-10-12,10.09,10.3,9.89,9.97,5519263
2023-10-13,9.8,10.09,9.68,10.01,5970770
2023-10-16,10.01,10.46,9.93,10.17,11725486
2023-10-17,10.21,10.46,9.52,9.52,5636675
2023-10-18,9.76,9.89,9.07,9.43,12168521
2023-10-19,9.39,9.76,9.19,9.35,6763799
2023-10-20,9.35,9.8,9.27,9.76,5669992
2023-10-23,9.76,9.97,9.6,9.68,6175703
2023-10-24,9.84,9.93,9.52,9.84,4431182
2023-10-25,9.93,10.13,9.89,9.93,6776251
2023-10-26,9.52,9.64,9.27,9.27,12672732
2023-10-27,9.43,9.52,8.66,9.35,10735436
2023-10-30,9.35,9.52,8.94,8.94,4930297
2023-10-31,9.02,9.11,8.33,8.33,9815631
2023-11-01,8.37,8.78,8.12,8.66,8893919
2023-11-02,8.9,9.23,8.78,9.23,5959618
2023-11-03,9.43,9.43,9.19,9.19,5554956
2023-11-06,9.35,9.35,9.07,9.31,3869989
2023-11-07,9.27,9.35,9.11,9.11,4615390
2023-11-08,9.11,9.72,9.11,9.72,10500944
2023-11-09,9.84,10.21,9.8,9.84,12020052
2023-11-10,9.8,10.34,9.68,10.13,15788390
2023-11-13,10.21,10.34,9.89,10.09,8258307
2023-11-14,10.25,10.42,10.01,10.05,8671948
2023-11-15,10.38,10.38,9.97,10.01,9498885
2023-11-16,9.93,10.34,9.93,10.34,7426016
2023-11-17,10.42,10.79,10.21,10.34,23409301
2023-11-20,10.09,10.71,10.09,10.58,13444264
2023-11-21,10.75,10.83,10.54,10.58,10070857
2023-11-22,10.58,10.83,10.5,10.67,10472648
2023-11-23,10.75,10.99,9.93,9.93,15521398
2023-11-24,10.05,10.17,9.52,10.09,12979545
2023-11-27,10.09,10.21,9.76,9.76,5519710
2023-11-28,9.84,9.93,9.48,9.89,8557879
2023-11-29,9.97,10.13,9.89,10.05,5395519
2023-11-30,10.05,10.21,9.97,10.21,9097255
2023-12-01,10.21,10.25,9.97,10.01,5368323
2023-12-04,10.17,10.58,10.17,10.46,10860844
2023-12-05,10.5,10.54,10.25,10.25,7516736
2023-12-06,10.3,10.58,10.3,10.54,8702386
2023-12-07,10.67,10.79,10.25,10.42,13823673
2023-12-08,10.54,10.91,10.38,10.62,15105263
2023-12-11,10.71,10.79,10.5,10.5,7437521
2023-12-12,10.62,10.71,10.5,10.62,8038443
2023-12-13,10.62,10.87,10.34,10.38,10551797
2023-12-14,10.5,10.54,10.17,10.25,6966330
2023-12-15,10.25,10.46,10.17,10.3,6787385
2023-12-18,10.34,10.79,10.34,10.58,10293971
2023-12-19,10.71,10.79,10.38,10.54,6236139
2023-12-20,10.62,10.79,10.62,10.79,7524961
2023-12-21,10.75,11.08,10.67,10.83,12188313
2023-12-22,10.87,11.08,10.62,10.79,9074256
2023-12-25,10.79,10.91,10.75,10.79,8127679
2023-12-26,10.91,10.91,10.75,10.83,5669681
2023-12-27,10.83,11.16,10.83,10.87,11613813
2023-12-28,10.91,11.03,10.83,10.87,6841277
2023-12-29,10.91,10.95,10.75,10.83,6520392
2024-01-02,10.87,10.95,10.62,10.67,6790008
2024-01-03,10.67,10.79,10.58,10.71,7635648
2024-01-04,10.71,10.95,10.71,10.71,8798058
2024-01-05,10.75,10.91,10.71,10.79,7475374
2024-01-08,10.87,11.03,10.83,10.87,7187223
2024-01-09,10.91,11.36,10.91,11.08,14799775
2024-01-10,11.08,11.16,10.83,10.83,7678625
2024-01-11,10.83,10.99,10.67,10.71,8294041
2024-01-12,10.67,10.71,10.34,10.46,11283712
2024-01-15,10.62,10.75,10.46,10.58,4357063
2024-01-16,10.5,10.75,10.46,10.75,3477767
2024-01-17,10.75,10.87,10.67,10.71,5168198
2024-01-18,10.79,10.87,10.67,10.79,5419034
2024-01-19,10.83,10.95,10.62,10.67,4940934
2024-01-22,10.67,10.75,10.5,10.54,6122657
2024-01-23,10.62,10.67,10.54,10.62,4145016
2024-01-24,10.67,10.67,10.54,10.54,2729323
2024-01-25,10.62,10.62,10.46,10.46,2699519
2024-01-26,10.5,10.67,10.5,10.58,2959858
2024-01-29,10.71,11.08,10.67,10.95,14028382
2024-01-30,11.12,11.24,10.91,11.08,9739154
2024-01-31,11.12,11.16,10.75,10.83,9133021
2024-02-01,10.83,11.36,10.79,11.2,14490006
2024-02-02,11.24,11.4,11.12,11.2,8184280
2024-02-05,11.16,11.49,11.12,11.24,10049439
2024-02-06,11.28,11.32,10.99,11.08,6801006
2024-02-07,11.12,11.12,10.95,10.99,6304269
2024-02-15,11.03,11.32,10.99,11.16,7587756
2024-02-16,11.2,11.4,11.16,11.24,8457406
2024-02-19,11.24,11.32,11.08,11.12,6171191
2024-02-20,11.16,11.24,11.08,11.08,7447286
2024-02-21,11.08,11.16,10.99,10.99,5853738
2024-02-22,11.08,11.16,10.91,10.95,6030682
2024-02-23,10.99,11.03,10.54,10.54,13354369
2024-02-26,10.54,10.75,10.5,10.67,5690755
2024-02-27,10.75,10.87,10.62,10.83,4534148
2024-02-28,10.83,10.95,10.67,10.75,4615022
2024-02-29,10.79,10.83,10.62,10.75,6936139
2024-03-01,10.71,10.91,10.67,10.83,5466991
2024-03-04,10.95,11.32,10.91,10.99,15028276
2024-03-05,10.99,11.16,10.99,11.03,5527225
2024-03-06,11.08,11.08,10.71,10.75,8059366
2024-03-07,10.79,10.87,10.67,10.75,8557596
2024-03-08,10.87,10.87,10.54,10.58,10678995
2024-03-11,10.58,10.71,10.42,10.5,5579823
2024-03-12,10.5,10.58,10.38,10.5,6521558
2024-03-13,10.54,10.75,10.5,10.75,5646314
2024-03-14,10.83,10.91,10.62,10.75,9061454
2024-03-15,10.75,11.2,10.71,10.91,16277234
2024-03-18,11.08,11.65,10.99,11.65,45513723
2024-03-19,12.06,12.06,11.61,11.61,14020355
2024-03-20,11.65,12.26,11.53,12.26,21918221
2024-03-21,12.39,12.55,12.06,12.31,21659849
2024-03-22,12.43,12.47,12.1,12.22,16597952
2024-03-25,12.35,12.59,12.02,12.06,15103227
2024-03-26,11.98,12.68,11.98,12.63,13789359
2024-03-27,12.88,12.88,12.55,12.68,9964068
2024-03-28,12.68,12.8,12.43,12.47,8903848
2024-03-29,12.39,13.04,12.39,12.88,11896860
2024-04-01,12.76,13.21,12.76,13.09,11834674
2024-04-02,13.04,13.29,12.8,13.21,10433788
2024-04-03,13.25,13.29,12.84,12.88,12824344
2024-04-04,12.88,13.74,12.63,13.5,21856568
2024-04-05,13.33,13.86,13.21,13.54,14086630
2024-04-08,13.54,13.58,13.29,13.29,8860580
2024-04-09,13.29,13.37,12.8,13.25,17060722
2024-04-10,13.33,13.7,13.17,13.17,8638007
2024-04-11,13.0,14.07,12.92,13.95,22386926
2024-04-12,14.07,14.19,13.82,13.99,9039109
2024-04-15,13.95,14.07,13.04,13.04,25292251
2024-04-16,12.96,13.04,12.31,12.96,30257040
2024-04-17,13.09,13.33,12.59,12.8,17316034
2024-04-19,12.51,12.76,11.98,12.18,24560561
2024-04-22,12.47,12.63,12.26,12.47,11189871
2024-04-23,12.55,12.55,11.85,11.94,12155025
2024-04-24,12.18,12.76,12.02,12.76,17169957
2024-04-25,12.8,13.09,12.68,12.96,14606367
2024-04-26,12.8,13.37,12.8,13.13,11174714
2024-05-02,13.54,13.66,13.25,13.37,13426555
2024-05-03,13.45,13.5,13.17,13.33,12798304
2024-05-06,13.41,14.23,13.29,14.23,15368977
2024-05-07,14.56,15.14,14.44,14.81,17198056
2024-05-08,14.69,15.38,14.56,15.05,19332365
2024-05-09,15.1,15.18,14.73,14.93,13174329
2024-05-10,14.93,15.83,14.89,15.26,15899976
2024-05-13,15.42,15.46,14.6,14.93,12598671
2024-05-14,15.01,15.34,14.89,15.05,9220555
2024-05-15,15.1,15.59,15.01,15.34,11560233
2024-05-16,15.67,15.67,15.22,15.3,13381906
2024-05-17,15.38,15.75,15.22,15.59,9821460
2024-05-20,16.0,16.53,15.59,15.59,18446849
2024-05-21,15.59,16.41,15.34,16.28,18267649
2024-05-22,16.41,16.41,15.75,15.83,15379898
2024-05-23,15.75,16.12,15.71,16.08,11744617
2024-05-24,15.96,16.04,14.97,15.1,25819815
2024-05-27,15.1,15.79,15.05,15.71,12912441
2024-05-28,15.92,15.96,15.67,15.92,9395713
2024-05-29,15.92,16.78,15.79,16.24,18952368
2024-05-30,16.0,16.37,15.71,16.33,13718479
2024-05-31,16.41,16.78,16.16,16.16,10413837
2024-06-03,16.53,16.53,16.12,16.33,10331825
2024-06-04,16.41,16.74,16.24,16.41,8256310
2024-06-05,16.41,16.49,16.08,16.12,11198463
2024-06-06,16.16,16.28,15.75,15.92,11594719
2024-06-07,16.0,16.41,15.79,16.41,8219899
2024-06-10,16.41,16.57,16.12,16.24,8485407
2024-06-11,16.24,16.33,15.83,15.92,9928637
2024-06-12,15.79,16.33,15.75,16.12,8205584
2024-06-13,16.24,16.65,16.12,16.12,9998976
2024-06-14,16.12,16.28,15.59,15.59,10213392
2024-06-17,15.55,15.67,15.18,15.34,12618416
2024-06-18,15.46,16.04,15.46,15.75,10169044
2024-06-19,15.75,16.57,15.75,16.28,17353209
2024-06-20,16.41,17.39,16.2,17.39,33188188
2024-06-21,17.39,17.76,17.06,17.23,14283415
2024-06-24,17.06,17.31,16.04,16.08,26690884
2024-06-25,16.12,16.33,15.67,16.28,10126694
2024-06-26,16.28,16.37,15.79,16.0,7645112
2024-06-27,15.96,16.16,15.75,15.96,6688355
2024-06-28,16.08,16.08,15.26,15.59,13992041
2024-07-01,15.59,15.75,15.34,15.59,5564212
2024-07-02,15.75,15.96,15.63,15.96,6185115
2024-07-03,16.04,16.08,15.75,15.92,4610382
2024-07-04,15.92,16.12,15.71,16.0,5388782
2024-07-05,16.04,16.37,15.87,16.08,7960917
2024-07-08,16.12,16.57,16.08,16.33,9388462
2024-07-09,16.41,16.9,16.37,16.65,11867950
2024-07-10,16.74,17.27,16.37,16.78,13682497
2024-07-11,17.02,17.39,16.65,16.65,11810848
2024-07-12,16.82,16.86,16.49,16.82,6623525
2024-07-15,16.86,17.11,16.74,16.9,5386790
2024-07-16,17.11,17.23,16.7,16.74,8368287
2024-07-17,16.82,16.82,15.59,15.59,23226524
2024-07-18,15.59,15.96,15.22,15.96,12226967
2024-07-19,15.96,15.96,15.26,15.34,8523194
2024-07-22,15.18,15.34,14.32,14.77,15575979
2024-07-23,14.85,15.1,14.11,14.11,12645191
2024-07-24,13.95,14.77,13.95,14.6,11382154
2024-07-25,14.52,14.56,14.23,14.56,5510232
2024-07-26,14.6,14.73,14.36,14.69,5323640
2024-07-29,14.93,15.34,14.69,15.26,10118920
2024-07-30,15.34,15.34,14.77,15.1,7141157
2024-07-31,15.14,15.38,14.64,14.85,6240037
2024-08-01,14.85,14.89,13.82,13.82,22159534
2024-08-02,13.54,14.52,13.5,14.32,10485103
2024-08-05,14.03,14.19,13.33,13.37,13799957
2024-08-06,13.86,14.27,13.41,14.27,12979382
2024-08-07,14.48,14.6,13.99,14.6,9063408
2024-08-08,14.36,14.69,13.62,13.62,21115352
2024-08-09,13.78,14.52,12.96,13.62,33658930
2024-08-12,13.54,13.7,13.04,13.17,12706142
2024-08-13,13.13,13.74,12.96,13.62,10664002
2024-08-14,13.62,14.11,13.5,13.99,13770525
2024-08-15,14.03,14.11,13.82,13.99,8635677
2024-08-16,14.07,14.89,13.99,14.89,17809695
2024-08-19,15.01,15.1,14.69,14.81,8031588
2024-08-20,14.81,15.46,14.56,15.22,13029533
2024-08-21,15.18,15.3,14.89,15.26,9981296
2024-08-22,15.18,15.3,14.97,15.26,6467410
2024-08-23,15.14,15.46,14.97,15.42,9518335
2024-08-26,15.63,15.67,15.1,15.1,6311852
2024-08-27,15.1,15.51,15.05,15.38,10395175
2024-08-28,15.46,15.46,14.77,15.14,8515858
2024-08-29,15.18,15.18,14.93,15.01,3826508
2024-08-30,15.01,15.18,14.81,15.18,6650390
2024-09-04,14.93,15.1,14.77,15.05,6459200
2024-09-05,15.05,15.3,14.77,15.01,5201699
2024-09-06,14.89,14.97,14.64,14.97,5684622
2024-09-09,14.77,14.93,14.64,14.64,6444598
2024-09-10,14.77,14.81,14.32,14.48,6746998
2024-09-11,14.4,14.56,14.03,14.44,5830720
2024-09-12,14.6,14.6,14.19,14.27,2835950
2024-09-13,14.27,14.6,14.23,14.6,4033642
2024-09-16,14.56,14.6,14.23,14.23,3495323
2024-09-17,14.19,14.52,14.07,14.44,4412681
2024-09-18,14.44,14.64,14.36,14.52,3589163
2024-09-19,14.6,14.69,14.48,14.6,3377308
2024-09-20,14.77,14.85,14.44,14.52,4920105
2024-09-23,14.36,14.52,14.23,14.27,3433695
2024-09-24,14.23,14.4,14.23,14.36,2953722
2024-09-25,14.48,14.64,14.4,14.6,5952942
2024-09-26,14.6,14.93,14.6,14.89,10764795
2024-09-27,15.01,15.05,14.77,14.81,5052836
2024-09-30,14.73,14.89,14.56,14.89,5479282
2024-10-01,14.93,15.18,14.81,14.93,8800797
2024-10-02,14.85,14.89,14.64,14.64,4716313
2024-10-03,14.64,14.73,14.07,14.11,9907874
2024-10-04,14.11,14.27,14.11,14.11,4385023
2024-10-07,14.19,14.27,14.03,14.19,2288805
2024-10-08,14.15,14.27,14.03,14.23,3685665
2024-10-09,14.23,14.36,14.15,14.23,2873483
2024-10-10,14.32,14.36,14.19,14.32,3133293
2024-10-11,14.32,14.56,14.27,14.4,3479120
2024-10-14,13.45,13.91,13.41,13.5,35148422
2024-10-15,13.5,13.66,12.72,13.17,13673610
2024-10-16,13.54,13.58,13.25,13.29,5427010
2024-10-17,13.29,13.7,13.0,13.45,8358977
2024-10-18,13.5,13.54,13.25,13.29,4153253
2024-10-21,13.29,13.29,12.72,12.72,11299620
2024-10-22,12.72,13.0,12.72,12.92,5811534
2024-10-23,12.92,13.04,12.68,13.0,4163904
2024-10-24,13.0,13.0,12.76,12.92,2683367
2024-10-25,12.88,12.96,12.72,12.8,3643224
2024-10-28,12.88,12.92,12.76,12.88,2348080
2024-10-29,12.96,13.45,12.96,13.21,7230573
2024-10-30,13.29,13.37,13.17,13.21,3211478
2024-10-31,13.21,13.41,13.13,13.25,3497730
2024-11-01,13.17,13.21,12.88,12.96,4021716
2024-11-04,12.72,12.92,12.35,12.51,7071238
2024-11-05,12.39,12.72,12.39,12.55,2926558
2024-11-06,12.68,12.72,12.55,12.72,3251210
2024-11-07,12.76,13.0,12.68,12.72,4198486
2024-11-08,12.72,12.8,12.51,12.72,3401411
2024-11-11,12.63,12.63,12.31,12.47,5192683
2024-11-12,12.51,12.72,12.39,12.39,3859274
2024-11-13,12.35,12.43,12.14,12.26,3957124
2024-11-14,12.26,12.35,11.9,11.9,3428133
2024-11-15,11.81,11.9,11.49,11.65,7671163
2024-11-18,11.65,12.43,11.61,12.43,7269193
2024-11-19,12.55,12.68,12.35,12.47,5262689
2024-11-20,12.43,13.13,12.26,12.92,10560895
2024-11-21,12.88,12.96,12.68,12.92,3246553
2024-11-22,12.88,12.88,12.47,12.72,6174658
2024-11-25,12.63,12.72,12.51,12.51,4250829
2024-11-26,12.59,13.25,12.55,12.84,7547526
2024-11-27,12.88,12.88,12.68,12.8,2251868
2024-11-28,12.96,13.0,12.72,12.84,3952964
2024-11-29,12.76,12.88,12.68,12.8,3923528
2024-12-02,12.8,13.09,12.68,12.8,4398416
2024-12-03,12.84,12.96,12.72,12.72,2491678
2024-12-04,12.68,12.8,12.51,12.55,4974634
2024-12-05,12.63,13.17,12.39,13.13,7489346
2024-12-06,13.21,13.29,12.88,12.96,4700458
2024-12-09,12.84,13.29,12.8,13.04,6960574
2024-12-10,13.04,13.13,12.88,12.92,3184340
2024-12-11,12.92,13.0,12.76,12.88,2716799
2024-12-12,12.88,12.92,12.76,12.88,2568185
2024-12-13,12.84,12.84,12.59,12.72,3466585
2024-12-16,12.63,12.72,12.47,12.55,2445085
2024-12-17,12.63,12.63,12.43,12.55,2224926
2024-12-18,12.51,12.72,12.51,12.72,1931177
2024-12-19,12.43,12.55,12.22,12.39,6129278
2024-12-20,12.39,12.47,12.31,12.31,2493188
2024-12-23,12.47,12.68,12.39,12.55,2438657
2024-12-24,12.39,12.55,12.18,12.39,4097149
2024-12-25,12.39,12.8,12.22,12.8,7284856
2024-12-26,12.88,12.88,12.59,12.84,3447858
2024-12-27,12.88,12.88,12.59,12.68,3123253
2024-12-30,12.59,12.68,12.43,12.51,2660749
2024-12-31,12.39,12.63,12.39,12.43,2229025
2025-01-02,12.43,12.51,12.39,12.43,1712534
2025-01-03,12.43,12.43,12.14,12.14,3214980
2025-01-06,12.14,12.22,11.57,11.73,3998053
2025-01-07,11.81,11.81,11.49,11.57,3500132
2025-01-08,11.57,11.85,11.4,11.77,2714783
2025-01-09,11.81,11.85,11.57,11.57,1483951
2025-01-10,11.61,11.65,11.08,11.08,2955801
2025-01-13,10.91,11.4,10.91,11.4,3590431
2025-01-14,11.36,11.4,11.2,11.2,1265971
2025-01-15,11.28,11.44,11.28,11.4,1636300
2025-01-16,11.4,11.65,11.28,11.32,1820102
2025-01-17,11.36,11.69,11.28,11.65,3288806
2025-01-20,11.65,11.73,11.49,11.49,1090091
2025-01-21,11.57,11.69,11.44,11.57,2061448
2025-01-22,11.61,11.65,11.49,11.49,2343446
2025-01-23,11.65,11.9,11.57,11.81,3351391
2025-01-24,11.85,12.51,11.81,12.47,5565619
2025-02-03,12.39,12.47,12.18,12.47,2802406
2025-02-04,12.43,12.76,12.39,12.72,4849434
2025-02-05,12.72,13.0,12.72,12.84,5463283
2025-02-06,12.88,12.88,12.55,12.68,3250749
2025-02-07,12.72,12.76,12.51,12.55,3013200
2025-02-10,12.47,12.51,12.35,12.39,4048835
2025-02-11,12.43,12.72,12.39,12.59,4274921
2025-02-12,12.59,12.68,12.47,12.47,1598417
2025-02-13,12.43,12.63,12.43,12.63,2558975
2025-02-14,12.76,12.92,12.68,12.68,4347728
2025-02-17,12.72,12.84,12.59,12.68,2926287
2025-02-18,12.63,13.04,12.63,12.92,6340482
2025-02-19,13.04,13.82,12.92,13.82,20707395
2025-02-20,13.99,14.03,13.78,13.86,6006402
2025-02-21,13.86,14.11,13.66,13.95,6363368
2025-02-24,13.95,13.95,13.58,13.95,5781311
2025-02-25,14.03,14.23,13.82,14.03,6295498
2025-02-26,14.07,14.07,13.78,13.99,4818839
2025-02-27,13.99,14.48,13.95,14.48,14440288
2025-02-28,14.52,14.56,14.19,14.36,7725487
2025-03-03,14.36,14.6,14.23,14.6,6795457
2025-03-04,14.48,14.6,14.07,14.4,6082402
2025-03-05,14.36,14.48,14.03,14.03,5939365
2025-03-06,14.07,14.27,13.99,14.19,5706677
2025-03-07,14.27,14.89,14.23,14.56,11905313
2025-03-10,14.73,14.85,14.52,14.64,5533347
2025-03-11,14.27,14.69,14.27,14.69,6639035
2025-03-12,14.69,14.69,14.36,14.4,5764580
2025-03-13,14.36,14.52,14.07,14.15,5494833
2025-03-14,14.07,14.52,13.99,14.19,5255963
2025-03-17,14.36,14.77,14.32,14.77,9575561
2025-03-18,14.85,14.85,14.44,14.48,4820962
2025-03-19,14.48,14.56,14.19,14.27,6450458
2025-03-20,14.32,14.4,14.03,14.19,3846996
2025-03-21,14.32,14.69,14.19,14.23,5168970
2025-03-24,14.27,14.69,14.27,14.48,7224874
2025-03-25,14.56,14.89,14.4,14.6,5976983
2025-03-26,14.6,15.18,14.6,14.93,8337159
2025-03-27,14.93,15.79,14.69,15.42,14805523
2025-03-28,15.46,16.0,15.3,15.34,12618968
2025-03-31,15.26,15.55,14.64,14.77,12821261
2025-04-01,14.93,14.93,14.69,14.89,5918997
2025-04-02,15.01,15.42,14.93,15.01,7122297
2025-04-03,14.03,14.48,13.99,13.99,13936150
2025-04-04,13.04,13.62,13.04,13.58,18386656
2025-04-08,13.13,13.29,12.63,12.63,5660333
2025-04-09,11.77,12.39,11.77,11.77,18876884
2025-04-10,12.59,12.59,12.59,12.59,368476
2025-04-11,13.09,13.41,12.39,13.37,16957333
2025-04-14,13.41,14.15,13.17,13.95,8696766
2025-04-15,13.78,13.91,13.21,13.45,9170095
2025-04-16,13.25,13.74,13.25,13.5,6057419
2025-04-17,13.37,14.11,13.29,13.7,6681092
2025-04-18,13.95,14.19,13.7,13.7,8920605
2025-04-21,13.78,14.07,13.66,13.91,6891392
2025-04-22,13.74,14.27,12.96,13.74,17364049
2025-04-23,14.15,14.56,13.91,14.32,9108543
2025-04-24,14.27,14.6,14.03,14.52,8516284
2025-04-25,14.36,14.52,14.19,14.48,5435433
2025-04-28,14.52,14.52,13.82,13.99,8428546
2025-04-29,14.07,14.27,13.86,14.11,5722346
2025-05-05,14.15,14.15,13.86,13.99,7168104
2025-05-06,14.03,14.48,14.03,14.11,8588647
2025-05-07,14.11,14.6,14.03,14.4,10810353
2025-05-08,14.52,15.1,14.44,14.89,11848026
2025-05-09,15.05,15.05,14.36,14.48,15632234
2025-05-12,14.52,14.85,14.27,14.77,12461123
2025-05-13,14.81,14.93,14.52,14.77,11325011
2025-05-14,14.81,14.93,14.77,14.81,8637226
2025-05-15,14.81,14.89,14.44,14.52,10564651
2025-05-16,14.52,14.93,14.48,14.89,13840260
2025-05-19,14.81,15.26,14.69,14.77,8252647
2025-05-20,14.81,14.97,14.69,14.93,6545798
2025-05-21,15.05,15.1,14.69,14.93,6953924
2025-05-22,14.97,15.3,14.81,14.97,14210356
2025-05-23,15.01,15.55,14.81,15.46,13221778
2025-05-26,15.51,16.49,14.97,16.33,14734874
2025-05-27,16.57,16.57,16.12,16.24,10407072
2025-05-28,16.24,16.49,15.92,16.0,11777463
2025-05-29,16.08,16.74,15.96,16.45,10563460
2025-05-30,16.45,16.49,16.08,16.24,6031906
2025-06-02,16.24,17.02,16.24,16.74,9079314
2025-06-03,16.9,16.9,16.45,16.74,7137921
2025-06-04,16.65,16.78,16.37,16.45,8027433
2025-06-05,16.45,16.53,16.0,16.24,6685842
2025-06-06,16.12,16.61,16.12,16.33,5903655
2025-06-09,16.41,16.9,16.33,16.49,7520523
2025-06-10,16.45,16.78,16.24,16.41,6565036
2025-06-11,16.45,16.49,16.12,16.16,4926458
2025-06-12,16.28,16.57,16.24,16.33,4864127
2025-06-13,16.04,16.24,15.42,15.63,14322094
2025-06-16,15.59,15.96,15.59,15.96,5224406
2025-06-17,16.04,16.33,15.87,16.16,6267144
2025-06-18,16.16,16.28,15.87,16.16,4907096
2025-06-19,16.12,16.12,15.79,15.96,3899676
2025-06-20,15.96,16.04,15.63,15.96,5534432
2025-06-23,15.79,15.83,15.59,15.63,5855964
2025-06-24,15.83,16.08,15.71,15.96,5762243
2025-06-25,16.04,16.24,15.83,15.83,4792239
2025-06-26,15.87,16.0,15.79,15.96,2839597
2025-06-27,16.12,16.33,16.0,16.04,6657284
2025-06-30,16.08,16.78,16.04,16.41,10476740
2025-07-01,16.53,16.57,16.16,16.33,3214293
2025-07-02,16.24,16.45,16.2,16.41,3780025
2025-07-03,16.65,16.82,16.24,16.24,8136103
2025-07-04,16.33,17.35,16.33,17.15,15212170
2025-07-07,17.52,18.34,17.27,18.34,13081636
2025-07-08,18.79,19.48,18.38,18.87,10519823
2025-07-09,18.91,19.28,18.66,18.91,8296911
2025-07-10,19.07,19.32,18.83,19.12,7012055
2025-07-11,19.24,19.85,18.66,19.57,10012440
2025-07-14,19.48,20.47,18.95,20.39,9798530
2025-07-15,20.1,20.35,19.65,19.65,10325748
2025-07-16,19.53,19.98,19.4,19.81,6171985
2025-07-17,19.89,21.08,19.77,20.26,9056576
2025-07-18,20.43,20.67,19.85,20.1,7405054
2025-07-21,20.1,20.43,19.73,19.73,7307956
2025-07-22,19.44,20.18,19.44,20.18,7584002
2025-07-23,20.47,21.41,20.1,20.47,11053318
2025-07-24,20.47,20.76,20.14,20.72,6582603
2025-07-25,20.84,21.08,20.47,21.0,7994167
2025-07-28,21.33,22.19,21.13,21.66,10445242
2025-07-29,21.74,21.74,20.18,20.18,21258291
2025-07-30,20.35,20.59,19.28,19.53,15966967
2025-07-31,20.02,20.02,18.75,19.65,12942387
2025-08-01,19.65,19.69,18.87,18.87,8034942
2025-08-04,18.58,19.61,18.54,19.61,6360447
2025-08-05,19.69,20.3,18.71,19.36,13826245
2025-08-06,19.53,19.94,19.12,19.53,7802876
2025-08-07,19.69,19.94,19.57,19.81,10235289
2025-08-08,19.98,20.51,19.44,20.35,14643492
2025-08-11,20.55,21.08,20.39,20.51,10273113
2025-08-12,20.51,20.88,19.98,20.8,11203337
2025-08-13,21.08,21.54,20.76,21.33,14326840
2025-08-14,21.74,21.74,21.0,21.33,11135364
2025-08-15,21.37,21.41,20.06,20.26,12145611
2025-08-18,20.43,20.43,19.69,20.18,12092870
2025-08-19,20.26,20.92,19.94,20.55,12608808
2025-08-20,22.0,22.0,20.48,21.14,12004501
2025-08-21,21.24,21.24,20.33,20.33,6534256
2025-08-22,19.38,19.91,18.95,19.57,21294252
2025-08-25,19.62,19.71,18.81,19.38,8356504
2025-08-26,19.38,20.38,19.14,20.38,8186063
2025-08-27,20.38,21.19,20.0,20.19,10109007
2025-08-28,20.48,20.95,20.05,20.95,6959889
2025-08-29,21.38,21.52,20.86,20.86,7934430
2025-09-03,20.91,21.62,20.86,21.57,13696117
2025-09-04,21.86,23.05,21.86,23.0,24463341
2025-09-05,23.05,23.19,21.86,21.86,10862447
2025-09-08,21.86,21.86,20.43,20.43,20236056
2025-09-09,20.43,20.76,19.95,20.76,6982821
2025-09-10,20.95,20.95,20.14,20.48,5553171
2025-09-11,20.48,20.48,19.57,20.14,8279486
2025-09-12,20.29,20.95,20.29,20.62,6568830
2025-09-15,20.76,21.0,20.62,20.95,6928814
2025-09-16,21.33,21.33,20.62,20.71,6309595
2025-09-17,20.67,20.81,20.24,20.29,5235355
2025-09-18,20.43,20.43,19.91,20.0,7013340
2025-09-19,20.33,20.48,19.71,19.71,8267975
2025-09-22,20.1,20.33,19.57,20.1,6900846
2025-09-23,20.29,20.33,19.86,20.19,4090048
2025-09-24,20.14,20.67,19.71,20.67,5317566
2025-09-25,20.76,21.38,20.67,21.14,14428557
2025-09-26,21.14,21.43,20.81,20.95,10716103
2025-09-29,20.57,21.1,20.52,21.0,6383768
2025-09-30,21.0,21.1,20.05,21.1,7937951
2025-10-01,21.1,22.57,20.81,21.81,19888270
2025-10-02,22.05,22.05,20.95,21.05,6148871
2025-10-03,20.71,20.95,20.38,20.38,7843992
2025-10-06,20.76,21.67,20.52,21.62,6940942
2025-10-07,21.67,21.67,21.05,21.05,5353486
2025-10-08,21.43,22.29,20.76,22.19,13477449
2025-10-09,22.43,22.76,22.05,22.48,9083737
2025-10-10,22.81,23.52,22.48,23.52,23782557
2025-10-13,23.14,24.67,23.14,24.62,19297977
2025-10-14,24.95,25.0,23.52,23.52,19648686
2025-10-15,23.62,24.0,22.95,23.33,16978241
2025-10-16,23.52,24.29,23.19,24.29,15577909
2025-10-17,24.38,24.57,23.33,23.33,14054050
2025-10-20,23.05,23.38,21.71,21.71,14595420
2025-10-21,21.24,21.62,20.24,20.48,17949820
2025-10-22,20.67,21.57,20.43,21.48,8740400
2025-10-23,21.48,21.76,20.95,21.0,6020750
2025-10-24,20.95,21.14,20.33,20.95,7450277
2025-10-27,21.0,21.14,20.14,20.14,5551752
2025-10-28,20.05,20.91,19.76,20.91,7212755
2025-10-29,21.0,21.29,20.86,21.14,4214852
2025-10-30,20.91,21.48,20.38,21.05,8464255
2025-10-31,21.05,21.05,20.52,20.62,4038808
2025-11-03,20.48,20.67,19.19,19.19,7647430
2025-11-04,19.1,20.52,18.38,20.52,10887941
2025-11-05,20.14,21.05,20.1,20.95,6218931
2025-11-06,20.95,21.05,20.24,20.67,6476459
2025-11-07,20.48,20.52,19.33,20.0,6640323
2025-11-10,19.67,20.1,19.24,19.52,3995592
2025-11-11,19.62,19.86,19.29,19.86,4246510
2025-11-12,20.1,20.38,19.71,20.38,4897947
2025-11-13,20.38,20.38,20.0,20.05,2868417
2025-11-14,19.95,20.48,19.91,20.29,3837348
2025-11-17,20.48,20.86,20.33,20.71,4914947
2025-11-18,20.67,20.81,20.38,20.71,5671728
2025-11-19,20.71,20.71,20.1,20.71,4486942
2025-11-20,20.48,20.57,20.19,20.43,4061243
2025-11-21,20.9,20.9,20.25,20.5,4379051
2025-11-24,20.5,20.6,20.2,20.45,3708239
2025-11-25,20.45,20.55,19.8,20.1,4676059
2025-11-26,20.1,20.75,20.05,20.7,4919982
2025-11-27,20.7,20.75,20.2,20.35,3514810
2025-11-28,20.4,20.45,19.95,20.45,5779916
2025-12-01,20.45,20.45,20.05,20.3,2942025
2025-12-02,20.05,20.2,19.6,20.2,4420864
2025-12-03,20.25,20.35,19.95,20.3,2767726
2025-12-04,20.4,20.8,20.3,20.75,7464400
2025-12-05,20.9,20.9,20.2,20.4,3584800
2025-12-08,20.25,20.4,19.95,20.1,2740700
2025-12-09,20.0,20.1,19.3,20.1,5472800
2025-12-10,19.95,20.0,19.7,20.0,1721200
2025-12-11,19.95,20.1,19.65,19.95,1964300
2025-12-12,19.85,19.85,18.6,18.6,7173100
2025-12-15,18.6,18.7,17.65,17.95,5363600
2025-12-16,17.75,19.0,17.0,19.0,9970400
2025-12-17,18.55,18.75,18.35,18.65,2812300
2025-12-18,18.4,18.4,18.05,18.4,5172500
2025-12-19,18.25,18.8,18.1,18.8,4761400
2025-12-22,18.75,19.2,18.55,19.15,4994600
2025-12-23,19.05,19.1,18.65,18.85,3038400
2025-12-24,18.7,19.05,18.55,19.0,4791200
2025-12-25,18.9,18.95,18.45,18.85,6146900
2025-12-26,18.35,18.75,18.0,18.7,5517900
2025-12-29,18.55,18.6,18.25,18.5,3149500
2025-12-30,18.4,18.45,18.15,18.3,3216800
2025-12-31,18.2,18.3,17.9,18.3,4990600
2026-01-05,18.15,18.2,17.5,17.9,7408600
2026-01-06,17.6,17.85,17.0,17.25,8397100
2026-01-07,17.4,17.65,17.0,17.6,5299900
2026-01-08,17.6,17.7,17.1,17.1,7069700
2026-01-09,17.1,17.1,15.95,15.95,18430400
2026-01-12,15.95,16.6,15.5,16.3,7789900
2026-01-13,16.6,16.85,16.45,16.45,6674400
2026-01-14,16.45,16.6,15.95,15.95,9496700
2026-01-15,15.7,16.3,15.7,15.95,7917200
2026-01-16,16.05,16.3,15.75,15.9,4785200
2026-01-19,15.9,16.1,15.75,16.0,5439200
2026-01-20,16.0,16.05,15.55,15.55,7560700
2026-01-21,15.5,15.85,15.0,15.1,8237900
2026-01-22,15.15,16.15,15.1,16.05,11595200
2026-01-23,16.05,16.05,15.35,15.35,5632200
2026-01-26,15.4,15.5,14.55,14.6,7350500
2026-01-27,14.6,14.8,14.4,14.6,4429600
2026-01-28,14.75,15.5,14.05,15.5,9149500
2026-01-29,15.4,15.5,14.9,15.45,5677800
2026-01-30,15.5,15.7,15.15,15.7,7576700
2026-02-02,15.45,15.5,14.9,15.4,7648600
2026-02-03,15.4,15.5,15.25,15.5,4408200
2026-02-04,15.35,15.55,15.2,15.4,4845800
2026-02-05,15.55,15.65,15.3,15.4,4279100
2026-02-06,15.3,15.3,14.7,14.7,5329800
2026-02-09,14.8,15.0,14.45,15.0,3088500
2026-02-10,14.9,15.2,14.8,15.05,3630700
2026-02-11,15.05,16.1,15.05,16.1,14272900
2026-02-12,16.3,16.7,15.85,16.55,7090600
2026-02-13,16.4,16.65,16.1,16.65,6540200
2026-02-23,16.65,16.7,16.2,16.7,5432900
2026-02-24,16.6,16.6,16.3,16.55,5457800
2026-02-25,16.4,16.5,15.9,15.9,8097600
2026-02-26,15.95,16.0,15.5,15.8,5920300
2026-02-27,15.9,15.9,15.2,15.2,8753700
2026-03-02,14.55,14.95,14.5,14.6,12189300
2026-03-03,14.55,14.85,14.3,14.4,6788100
2026-03-04,14.3,14.5,13.45,13.95,9873200
2026-03-05,14.2,14.4,13.9,13.95,4846400
2026-03-06,14.2,14.2,13.7,13.8,4739000
2026-03-09,12.9,13.1,12.85,12.85,10178200
2026-03-10,13.2,13.7,12.95,13.7,10965400
2026-03-11,13.9,14.65,13.8,14.65,10558700
2026-03-12,14.65,14.85,14.25,14.6,5965100
2026-03-13,14.3,15.25,14.3,15.1,13619400
2026-03-16,15.1,15.5,14.75,14.85,5881100
2026-03-17,15.1,15.1,14.5,14.5,4279500
2026-03-18,14.4,14.7,14.25,14.4,3640300
2026-03-19,14.25,15.15,14.2,14.6,7546200
2026-03-20,14.6,15.2,14.55,14.9,9013900
2026-03-23,14.8,15.2,14.25,14.95,12342600
2026-03-24,15.35,15.95,15.15,15.95,27190500
2026-03-25,16.2,17.0,16.0,16.5,15023600
2026-03-26,16.5,16.5,15.85,15.9,12286900
2026-03-27,15.85,16.85,15.85,16.7,15421600
2026-03-30,16.2,16.9,16.1,16.35,10710200
2026-03-31,16.65,17.45,16.35,17.4,18683800
2026-04-01,17.9,17.9,17.0,17.5,10216400
2026-04-02,17.3,17.3,16.8,17.2,9576400
2026-04-03,17.2,17.25,16.5,16.5,11924400
2026-04-06,16.25,16.75,15.45,15.8,12990500
2026-04-07,16.05,16.6,15.75,16.15,8606900
2026-04-08,16.95,17.25,16.45,17.25,14833000
2026-04-09,17.1,17.8,16.9,17.15,13032300
2026-04-10,17.35,17.4,16.65,17.0,13558200
2026-04-13,16.85,17.35,16.75,17.1,6734100
2026-04-14,17.4,17.8,17.15,17.3,15569000
2026-04-15,17.4,17.7,17.0,17.0,11715200
2026-04-16,17.0,17.7,16.8,17.55,14124000
